datetime_et,open,high,low,close,volume
20260624  15:00:00,30089.75,30163.5,30084.5,30152.75,998
20260624  15:01:00,30152.5,30168.5,30137.25,30145.5,458
20260624  15:02:00,30143.0,30150.75,30122.0,30135.25,327
20260624  15:03:00,30132.75,30132.75,30110.5,30120.5,271
20260624  15:04:00,30121.25,30132.75,30087.0,30090.75,379
20260624  15:05:00,30090.25,30096.5,30077.5,30078.25,364
20260624  15:06:00,30078.75,30080.25,30064.25,30068.5,267
20260624  15:07:00,30068.0,30074.5,30062.25,30066.0,191
20260624  15:08:00,30064.25,30079.0,30064.25,30073.0,162
20260624  15:09:00,30073.0,30077.75,30066.0,30072.75,114
20260624  15:10:00,30072.75,30089.75,30069.75,30085.5,144
20260624  15:11:00,30085.0,30094.0,30080.25,30093.75,143
20260624  15:12:00,30094.75,30107.0,30089.25,30102.0,190
20260624  15:13:00,30102.75,30102.75,30078.5,30083.75,368
20260624  15:14:00,30081.5,30086.25,30067.0,30073.5,247
20260624  15:15:00,30074.0,30076.5,30065.0,30066.0,259
20260624  15:16:00,30066.75,30075.25,30064.25,30068.5,207
20260624  15:17:00,30066.0,30072.25,30064.0,30068.0,133
20260624  15:18:00,30068.25,30077.0,30060.75,30061.5,194
20260624  15:19:00,30063.5,30064.75,30057.0,30061.0,201
20260624  15:20:00,30062.0,30089.75,30057.25,30079.0,233
20260624  15:21:00,30079.75,30083.0,30070.25,30083.0,111
20260624  15:22:00,30084.5,30085.25,30075.75,30079.75,159
20260624  15:23:00,30078.25,30081.25,30071.0,30075.0,184
20260624  15:24:00,30074.25,30074.5,30062.0,30062.75,199
20260624  15:25:00,30064.75,30074.0,30056.25,30072.25,326
20260624  15:26:00,30072.75,30072.75,30055.25,30057.75,146
20260624  15:27:00,30058.75,30064.75,30052.25,30059.5,259
20260624  15:28:00,30060.0,30077.5,30060.0,30065.0,326
20260624  15:29:00,30064.25,30069.25,30057.0,30059.25,102
20260624  15:30:00,30059.25,30077.25,30059.25,30073.5,139
20260624  15:31:00,30075.0,30076.5,30064.75,30067.75,152
20260624  15:32:00,30068.5,30069.75,30062.0,30067.75,128
20260624  15:33:00,30066.5,30066.5,30056.75,30060.75,123
20260624  15:34:00,30061.25,30073.5,30061.25,30064.5,108
20260624  15:35:00,30065.5,30071.25,30063.5,30069.75,83
20260624  15:36:00,30070.75,30070.75,30060.0,30064.75,142
20260624  15:37:00,30064.0,30070.0,30061.0,30063.5,98
20260624  15:38:00,30064.5,30069.25,30064.5,30065.5,43
20260624  15:39:00,30065.25,30070.5,30063.5,30064.5,61
20260624  15:40:00,30067.0,30072.0,30060.25,30060.5,87
20260624  15:41:00,30060.25,30062.75,30053.25,30062.75,109
20260624  15:42:00,30063.25,30080.0,30061.0,30070.0,179
20260624  15:43:00,30069.75,30074.25,30066.5,30070.0,99
20260624  15:44:00,30072.75,30080.25,30067.5,30072.5,92
20260624  15:45:00,30073.5,30076.0,30068.75,30068.75,71
20260624  15:46:00,30069.5,30073.25,30061.5,30063.75,102
20260624  15:47:00,30063.75,30067.25,30056.5,30066.0,79
20260624  15:48:00,30065.75,30066.75,30055.75,30057.5,59
20260624  15:49:00,30056.75,30060.5,30046.75,30053.5,207
20260624  15:50:00,30052.5,30059.0,30052.5,30055.0,79
20260624  15:51:00,30056.0,30061.0,30053.0,30059.0,126
20260624  15:52:00,30058.0,30068.5,30051.75,30068.25,133
20260624  15:53:00,30066.0,30067.75,30054.5,30057.0,93
20260624  15:54:00,30055.25,30058.25,30053.0,30055.0,74
20260624  15:55:00,30056.0,30058.5,30050.5,30057.0,69
20260624  15:56:00,30056.5,30056.5,30050.25,30052.25,56
20260624  15:57:00,30052.0,30054.0,30046.25,30048.25,74
20260624  15:58:00,30050.0,30053.0,30046.5,30050.5,45
20260624  15:59:00,30051.75,30052.5,30048.5,30049.5,46
20260624  16:00:00,30050.25,30056.5,30047.25,30052.25,80
20260624  16:01:00,30051.0,30062.5,30051.0,30055.5,75
20260624  16:02:00,30054.25,30055.75,30048.25,30050.0,76
20260624  16:03:00,30051.25,30062.0,30051.25,30058.75,61
20260624  16:04:00,30056.75,30072.0,30055.75,30064.5,79
20260624  16:05:00,30065.0,30069.75,30060.5,30068.0,45
20260624  16:06:00,30067.25,30074.75,30065.0,30071.75,93
20260624  16:07:00,30069.5,30073.25,30066.75,30068.75,101
20260624  16:08:00,30067.0,30070.0,30064.5,30068.0,52
20260624  16:09:00,30065.5,30065.5,30057.25,30062.25,71
20260624  16:10:00,30065.5,30073.5,30065.5,30073.5,85
20260624  16:11:00,30074.25,30082.5,30069.25,30069.25,234
20260624  16:12:00,30071.0,30073.75,30051.0,30053.5,192
20260624  16:13:00,30052.5,30060.5,30052.25,30057.25,88
20260624  16:14:00,30056.0,30060.5,30054.75,30060.5,37
20260624  16:15:00,30061.0,30062.0,30056.75,30060.0,55
20260624  16:16:00,30060.0,30064.0,30056.25,30060.75,44
20260624  16:17:00,30059.75,30068.5,30059.0,30061.5,82
20260624  16:18:00,30063.25,30064.25,30058.5,30061.75,31
20260624  16:19:00,30060.5,30063.0,30057.25,30057.75,36
20260624  16:20:00,30058.0,30066.75,30058.0,30064.75,55
20260624  16:21:00,30066.5,30079.75,30064.75,30075.0,65
20260624  16:22:00,30075.0,30075.0,30067.5,30068.25,65
20260624  16:23:00,30067.5,30078.0,30067.5,30077.75,48
20260624  16:24:00,30076.25,30084.0,30073.25,30077.75,96
20260624  16:25:00,30079.5,30086.25,30078.5,30083.25,58
20260624  16:26:00,30082.75,30088.0,30080.0,30086.0,102
20260624  16:27:00,30086.25,30096.5,30085.5,30090.5,195
20260624  16:28:00,30091.75,30093.75,30076.0,30076.0,89
20260624  16:29:00,30078.25,30081.0,30075.25,30077.5,51
20260624  16:30:00,30078.25,30083.25,30075.0,30081.75,46
20260624  16:31:00,30082.5,30089.25,30081.0,30084.5,48
20260624  16:32:00,30082.25,30087.25,30082.25,30085.25,16
20260624  16:33:00,30083.75,30087.5,30083.0,30085.0,20
20260624  16:34:00,30086.0,30094.75,30085.75,30092.0,97
20260624  16:35:00,30092.5,30106.5,30091.75,30105.75,213
20260624  16:36:00,30103.75,30109.0,30103.0,30107.75,82
20260624  16:37:00,30107.0,30110.0,30102.75,30110.0,115
20260624  16:38:00,30110.75,30113.5,30108.75,30112.0,58
20260624  16:39:00,30109.75,30118.75,30106.75,30106.75,131
20260624  16:40:00,30107.5,30108.0,30098.75,30106.5,111
20260624  16:41:00,30107.5,30122.0,30107.5,30118.75,154
20260624  16:42:00,30118.0,30122.5,30114.25,30119.5,51
20260624  16:43:00,30118.25,30122.25,30111.0,30111.5,68
20260624  16:44:00,30111.0,30117.25,30107.75,30115.0,101
20260624  16:45:00,30113.75,30135.0,30113.75,30133.75,262
20260624  16:46:00,30132.25,30135.25,30108.0,30109.5,224
20260624  16:47:00,30110.25,30111.75,30097.0,30103.25,178
20260624  16:48:00,30103.25,30106.5,30096.0,30099.75,68
20260624  16:49:00,30101.5,30106.75,30101.0,30102.25,63
20260624  16:50:00,30103.0,30106.25,30090.25,30093.5,157
20260624  16:51:00,30092.75,30094.25,30085.0,30090.75,101
20260624  16:52:00,30092.75,30098.0,30090.5,30096.75,57
20260624  16:53:00,30097.75,30100.0,30094.25,30097.5,72
20260624  16:54:00,30094.5,30109.0,30094.5,30108.5,80
20260624  16:55:00,30109.0,30110.0,30102.5,30107.25,79
20260624  16:56:00,30105.75,30110.5,30098.5,30104.0,80
20260624  16:57:00,30105.75,30114.25,30105.75,30108.5,82
20260624  16:58:00,30107.75,30110.0,30091.0,30092.0,188
20260624  16:59:00,30091.0,30098.75,30089.0,30096.75,136
20260624  17:00:00,30097.0,30102.5,30080.25,30089.75,285
20260624  17:01:00,30091.5,30091.75,30066.25,30075.0,284
20260624  17:02:00,30074.5,30077.75,30059.0,30060.5,187
20260624  17:03:00,30060.75,30066.75,30055.0,30066.75,178
20260624  17:04:00,30066.75,30068.75,30059.25,30064.75,129
20260624  17:05:00,30062.75,30067.0,30046.0,30059.0,204
20260624  17:06:00,30060.0,30081.75,30060.0,30075.5,173
20260624  17:07:00,30073.75,30075.25,30053.0,30054.25,130
20260624  17:08:00,30057.25,30065.75,30047.0,30062.5,190
20260624  17:09:00,30062.5,30073.25,30056.25,30066.5,198
20260624  17:10:00,30068.0,30077.75,30058.25,30074.5,127
20260624  17:11:00,30076.25,30094.0,30075.5,30084.5,181
20260624  17:12:00,30086.75,30100.5,30084.0,30092.0,210
20260624  17:13:00,30094.5,30099.25,30075.75,30079.5,162
20260624  17:14:00,30080.0,30092.25,30065.0,30091.0,154
20260624  17:15:00,30093.0,30095.0,30071.5,30089.75,204
20260624  17:16:00,30088.75,30092.0,30073.25,30086.5,139
20260624  17:17:00,30086.5,30098.75,30074.25,30074.75,194
20260624  17:18:00,30073.75,30073.75,30062.25,30072.25,113
20260624  17:19:00,30070.25,30082.0,30068.5,30073.0,88
20260624  17:20:00,30070.0,30070.0,30057.25,30058.75,90
20260624  17:21:00,30060.25,30070.25,30059.0,30059.75,73
20260624  17:22:00,30058.25,30071.5,30052.75,30071.5,112
20260624  17:23:00,30073.0,30081.5,30073.0,30077.75,119
20260624  17:24:00,30079.25,30080.0,30062.0,30062.0,112
20260624  17:25:00,30060.75,30063.0,30032.5,30036.0,294
20260624  17:26:00,30036.25,30042.5,30027.25,30039.75,186
20260624  17:27:00,30039.75,30044.0,30026.5,30043.0,164
20260624  17:28:00,30044.25,30050.5,30036.0,30039.75,113
20260624  17:29:00,30037.5,30047.75,30032.5,30036.5,48
20260624  17:30:00,30035.0,30040.75,30031.25,30035.25,109
20260624  17:31:00,30036.0,30036.5,30010.0,30011.75,289
20260624  17:32:00,30011.5,30017.0,29988.5,29999.0,429
20260624  17:33:00,29999.5,30010.0,29989.75,29991.75,212
20260624  17:34:00,29989.75,29997.75,29987.5,29993.25,140
20260624  17:35:00,29993.0,29996.5,29977.5,29983.5,231
20260624  17:36:00,29984.25,29998.75,29981.25,29998.25,150
20260624  17:37:00,29997.0,29997.0,29982.25,29988.25,119
20260624  17:38:00,29985.5,29985.5,29978.0,29981.75,109
20260624  17:39:00,29983.0,29986.5,29971.25,29978.0,144
20260624  17:40:00,29979.25,29982.0,29962.25,29962.5,217
20260624  17:41:00,29963.0,29970.0,29945.25,29952.75,278
20260624  17:42:00,29952.25,29964.25,29943.0,29962.75,195
20260624  17:43:00,29963.75,29972.0,29961.0,29963.0,152
20260624  17:44:00,29960.5,29967.0,29954.25,29963.25,135
20260624  17:45:00,29963.5,29971.0,29954.5,29954.5,210
20260624  17:46:00,29956.0,29963.75,29947.75,29949.5,129
20260624  17:47:00,29947.0,29954.5,29942.0,29943.5,148
20260624  17:48:00,29944.75,29950.25,29936.0,29941.25,188
20260624  17:49:00,29939.0,29947.0,29938.25,29942.5,134
20260624  17:50:00,29941.0,29970.5,29940.25,29968.5,211
20260624  17:51:00,29968.5,29981.0,29964.25,29975.5,235
20260624  17:52:00,29974.25,29985.5,29966.75,29970.25,208
20260624  17:53:00,29971.25,29991.75,29967.5,29990.25,153
20260624  17:54:00,29991.0,29991.5,29980.75,29986.0,114
20260624  17:55:00,29987.5,29988.75,29963.75,29965.25,201
20260624  17:56:00,29964.75,29967.0,29952.25,29962.0,213
20260624  17:57:00,29962.5,29976.25,29960.25,29966.25,142
20260624  17:58:00,29965.75,29965.75,29953.5,29955.5,122
20260624  17:59:00,29956.5,29965.0,29954.75,29965.0,52
20260624  18:00:00,29967.5,29989.0,29958.75,29988.25,209
20260624  18:01:00,29986.75,29996.25,29979.25,29985.25,249
20260624  18:02:00,29987.5,29993.75,29975.25,29977.75,132
20260624  18:03:00,29975.75,29978.0,29965.0,29969.75,119
20260624  18:04:00,29966.5,29968.75,29952.5,29953.5,110
20260624  18:05:00,29955.25,29969.0,29950.25,29967.75,181
20260624  18:06:00,29968.25,29971.25,29955.5,29961.75,160
20260624  18:07:00,29962.0,29968.0,29953.0,29959.5,161
20260624  18:08:00,29959.75,29966.5,29952.75,29959.0,93
20260624  18:09:00,29959.25,29969.5,29956.25,29965.25,83
20260624  18:10:00,29964.75,29971.5,29958.75,29965.75,84
20260624  18:11:00,29963.5,29979.25,29959.75,29968.25,147
20260624  18:12:00,29969.75,29975.25,29967.5,29971.25,73
20260624  18:13:00,29971.75,29975.5,29966.0,29966.5,71
20260624  18:14:00,29969.5,29973.0,29963.75,29969.5,70
20260624  18:15:00,29971.0,29975.5,29963.5,29969.5,120
20260624  18:16:00,29968.25,29970.75,29952.0,29966.25,169
20260624  18:17:00,29966.25,29981.25,29962.75,29975.25,181
20260624  18:18:00,29975.75,29976.0,29957.75,29963.75,98
20260624  18:19:00,29963.0,29974.25,29951.25,29973.75,182
20260624  18:20:00,29973.0,29982.75,29970.75,29979.5,158
20260624  18:21:00,29981.0,29987.25,29980.5,29981.25,133
20260624  18:22:00,29982.25,29989.25,29976.5,29986.75,78
20260624  18:23:00,29982.75,29990.0,29979.0,29988.5,82
20260624  18:24:00,29990.25,29991.0,29976.5,29978.25,79
20260624  18:25:00,29978.0,29982.25,29967.5,29967.75,188
20260624  18:26:00,29967.0,29972.25,29959.5,29965.5,121
20260624  18:27:00,29965.5,29980.0,29965.5,29968.5,170
20260624  18:28:00,29968.5,29977.25,29967.0,29970.5,86
20260624  18:29:00,29968.75,29968.75,29961.75,29965.0,117
20260624  18:30:00,29966.75,29970.25,29960.75,29966.0,100
20260624  18:31:00,29966.5,29979.0,29964.25,29972.0,91
20260624  18:32:00,29974.25,29985.25,29972.75,29974.5,128
20260624  18:33:00,29975.0,29980.25,29974.25,29979.5,40
20260624  18:34:00,29980.5,29994.0,29976.0,29992.25,162
20260624  18:35:00,29991.25,30005.75,29989.5,30005.75,272
20260624  18:36:00,30005.5,30011.5,30000.0,30000.5,192
20260624  18:37:00,29999.5,30023.5,29997.0,30019.5,174
20260624  18:38:00,30020.5,30028.0,30017.25,30022.5,256
20260624  18:39:00,30022.75,30028.25,30013.0,30013.0,321
20260624  18:40:00,30012.5,30018.0,30002.25,30006.5,198
20260624  18:41:00,30005.25,30010.75,29999.0,30000.25,104
20260624  18:42:00,30001.0,30008.75,29993.0,30008.75,149
20260624  18:43:00,30010.25,30018.75,30009.75,30011.25,119
20260624  18:44:00,30011.5,30011.5,29991.75,29995.5,163
20260624  18:45:00,29995.5,29998.25,29987.5,29993.25,90
20260624  18:46:00,29994.75,30000.25,29988.75,29995.25,154
20260624  18:47:00,29995.5,30004.5,29993.5,30001.5,109
20260624  18:48:00,30002.5,30005.0,29993.75,29998.5,47
20260624  18:49:00,29998.25,30013.25,29997.5,30012.0,86
20260624  18:50:00,30015.25,30020.75,30002.75,30014.0,152
20260624  18:51:00,30014.75,30021.0,30008.25,30018.75,85
20260624  18:52:00,30021.25,30026.0,30019.0,30022.75,168
20260624  18:53:00,30024.75,30026.5,30020.75,30020.75,75
20260624  18:54:00,30021.0,30023.5,30016.0,30023.5,72
20260624  18:55:00,30022.5,30030.75,30021.75,30027.25,82
20260624  18:56:00,30027.75,30030.0,30022.75,30028.25,35
20260624  18:57:00,30028.0,30031.0,30012.0,30014.5,98
20260624  18:58:00,30015.0,30015.0,30002.75,30007.25,110
20260624  18:59:00,30008.25,30010.0,29996.75,29998.75,117
20260624  19:00:00,29997.5,30001.5,29988.0,29991.25,192
20260624  19:01:00,29991.5,30007.0,29991.5,30004.25,201
20260624  19:02:00,30006.25,30017.25,30005.5,30008.75,100
20260624  19:03:00,30009.0,30018.5,30008.5,30017.0,60
20260624  19:04:00,30016.75,30017.0,30010.75,30013.0,53
20260624  19:05:00,30011.0,30020.5,30005.0,30012.0,75
20260624  19:06:00,30013.25,30014.5,30004.25,30008.25,54
20260624  19:07:00,30008.0,30009.5,29995.0,29995.25,95
20260624  19:08:00,29995.0,29998.5,29987.25,29995.25,106
20260624  19:09:00,29995.25,29997.75,29984.25,29994.25,168
20260624  19:10:00,29993.75,29993.75,29978.25,29981.75,200
20260624  19:11:00,29981.25,29981.75,29964.5,29964.5,176
20260624  19:12:00,29964.0,29964.25,29941.0,29953.5,604
20260624  19:13:00,29953.5,29956.75,29943.0,29947.5,157
20260624  19:14:00,29949.0,29953.25,29943.25,29944.25,129
20260624  19:15:00,29946.0,29950.5,29931.75,29932.0,193
20260624  19:16:00,29931.75,29943.0,29924.5,29940.75,232
20260624  19:17:00,29939.25,29957.25,29938.75,29955.25,151
20260624  19:18:00,29955.0,29955.0,29944.25,29950.0,83
20260624  19:19:00,29949.75,29973.5,29949.75,29970.5,185
20260624  19:20:00,29970.75,29976.75,29963.0,29964.75,132
20260624  19:21:00,29963.0,29972.75,29958.75,29969.25,79
20260624  19:22:00,29970.0,29987.0,29969.5,29984.25,156
20260624  19:23:00,29985.5,29989.75,29974.0,29975.0,163
20260624  19:24:00,29975.5,29979.75,29966.5,29967.75,72
20260624  19:25:00,29969.25,29978.0,29962.5,29977.0,95
20260624  19:26:00,29976.75,29988.75,29976.25,29985.25,94
20260624  19:27:00,29986.75,29991.75,29979.75,29988.0,92
20260624  19:28:00,29987.5,29992.75,29986.5,29991.0,21
20260624  19:29:00,29993.0,29994.75,29984.75,29986.25,67
20260624  19:30:00,29983.0,29991.25,29976.25,29987.75,84
20260624  19:31:00,29989.25,29991.25,29984.5,29989.5,113
20260624  19:32:00,29989.25,29996.5,29988.5,29993.75,63
20260624  19:33:00,29993.5,29996.5,29982.0,29989.75,61
20260624  19:34:00,29988.75,29991.5,29986.25,29991.5,22
20260624  19:35:00,29989.0,29991.0,29984.25,29990.0,50
20260624  19:36:00,29991.5,29996.75,29984.75,29992.0,55
20260624  19:37:00,29995.5,29995.75,29991.75,29992.0,49
20260624  19:38:00,29992.0,29992.25,29984.5,29984.5,62
20260624  19:39:00,29985.5,29990.75,29978.0,29988.75,56
20260624  19:40:00,29987.5,29989.25,29968.5,29968.5,78
20260624  19:41:00,29968.0,29971.5,29967.5,29969.75,79
20260624  19:42:00,29968.0,29973.0,29967.0,29971.25,57
20260624  19:43:00,29969.75,29975.25,29968.0,29974.25,50
20260624  19:44:00,29972.25,29979.0,29971.75,29975.0,48
20260624  19:45:00,29973.75,29976.25,29970.25,29971.75,43
20260624  19:46:00,29971.75,29973.75,29966.0,29969.75,39
20260624  19:47:00,29972.5,29982.25,29971.0,29979.25,71
20260624  19:48:00,29981.0,29984.0,29977.5,29979.0,79
20260624  19:49:00,29980.0,29982.75,29978.5,29982.0,30
20260624  19:50:00,29981.75,29981.75,29971.5,29974.5,36
20260624  19:51:00,29976.0,29981.75,29973.0,29973.0,50
20260624  19:52:00,29973.75,29990.25,29973.75,29990.25,66
20260624  19:53:00,29991.5,29994.75,29985.25,29987.25,55
20260624  19:54:00,29988.0,29993.0,29987.75,29991.0,45
20260624  19:55:00,29993.0,29993.0,29984.25,29986.5,39
20260624  19:56:00,29986.75,29996.0,29984.25,29996.0,36
20260624  19:57:00,29997.5,29998.25,29990.0,29994.0,96
20260624  19:58:00,29994.5,30003.0,29994.5,30001.25,104
20260624  19:59:00,30000.5,30000.5,29996.25,29998.0,32
20260624  20:00:00,29999.25,30005.0,29992.75,29997.5,78
20260624  20:01:00,29997.5,30015.0,29997.5,30012.5,167
20260624  20:02:00,30013.75,30020.75,30008.75,30008.75,141
20260624  20:03:00,30008.25,30011.5,30002.75,30004.75,72
20260624  20:04:00,30006.0,30014.5,30000.25,30011.75,76
20260624  20:05:00,30012.0,30021.5,30008.5,30019.5,104
20260624  20:06:00,30019.25,30022.0,30016.75,30017.5,56
20260624  20:07:00,30019.0,30020.5,30014.75,30017.25,39
20260624  20:08:00,30016.5,30022.75,30016.0,30017.5,55
20260624  20:09:00,30016.0,30016.0,30005.25,30005.75,64
20260624  20:10:00,30009.0,30012.5,30003.75,30012.5,61
20260624  20:11:00,30012.0,30013.75,30006.0,30012.0,57
20260624  20:12:00,30013.25,30014.5,30003.5,30005.0,70
20260624  20:13:00,30007.25,30009.25,29998.0,30000.75,128
20260624  20:14:00,29999.5,30008.0,29999.5,30008.0,62
20260624  20:15:00,30007.5,30016.5,29981.75,29997.0,453
20260624  20:16:00,29999.5,30014.75,29999.0,30014.75,97
20260624  20:17:00,30013.25,30025.25,30011.0,30021.5,165
20260624  20:18:00,30022.5,30028.5,30014.25,30025.0,251
20260624  20:19:00,30023.75,30028.0,30020.75,30025.25,87
20260624  20:20:00,30024.25,30024.75,30016.25,30023.25,90
20260624  20:21:00,30022.25,30029.25,30017.0,30029.0,88
20260624  20:22:00,30027.25,30029.5,30021.5,30026.75,56
20260624  20:23:00,30027.75,30036.25,30026.25,30035.0,123
20260624  20:24:00,30035.5,30038.75,30029.0,30029.5,138
20260624  20:25:00,30030.0,30032.25,30022.25,30028.75,105
20260624  20:26:00,30028.5,30033.75,30027.0,30032.25,48
20260624  20:27:00,30033.0,30034.75,30023.25,30028.25,104
20260624  20:28:00,30029.0,30030.25,30020.25,30020.5,49
20260624  20:29:00,30022.0,30025.5,30016.25,30025.5,99
20260624  20:30:00,30024.25,30042.0,30024.25,30039.25,228
20260624  20:31:00,30036.0,30045.25,30035.5,30036.0,216
20260624  20:32:00,30036.5,30036.5,30022.5,30030.0,101
20260624  20:33:00,30027.75,30028.0,30019.5,30020.75,69
20260624  20:34:00,30020.25,30026.5,30019.0,30024.0,36
20260624  20:35:00,30024.0,30024.75,30007.5,30010.75,101
20260624  20:36:00,30009.5,30012.75,30003.75,30010.25,85
20260624  20:37:00,30011.5,30026.0,30010.0,30015.75,176
20260624  20:38:00,30014.75,30017.25,30010.25,30010.25,112
20260624  20:39:00,30009.75,30020.0,30009.25,30017.0,51
20260624  20:40:00,30015.0,30016.0,30007.75,30014.25,43
20260624  20:41:00,30014.0,30018.0,30011.0,30014.25,29
20260624  20:42:00,30015.0,30015.0,30006.0,30007.5,51
20260624  20:43:00,30007.25,30007.25,29998.75,30004.25,110
20260624  20:44:00,30003.75,30010.75,30000.75,30010.75,63
20260624  20:45:00,30012.25,30013.25,30003.5,30005.5,45
20260624  20:46:00,30006.75,30016.0,30004.75,30016.0,28
20260624  20:47:00,30018.0,30021.0,30010.75,30015.5,69
20260624  20:48:00,30015.25,30023.0,30014.5,30022.5,37
20260624  20:49:00,30023.25,30035.25,30021.75,30029.75,157
20260624  20:50:00,30031.0,30031.5,30020.5,30029.25,65
20260624  20:51:00,30029.0,30036.5,30028.5,30036.25,40
20260624  20:52:00,30036.75,30043.5,30036.75,30040.25,77
20260624  20:53:00,30039.0,30043.0,30037.25,30037.25,69
20260624  20:54:00,30037.0,30040.0,30032.5,30038.25,75
20260624  20:55:00,30040.75,30043.5,30038.0,30043.5,88
20260624  20:56:00,30043.0,30043.0,30035.5,30038.75,95
20260624  20:57:00,30034.5,30038.0,30031.5,30033.0,170
20260624  20:58:00,30034.75,30039.5,30033.25,30036.75,64
20260624  20:59:00,30036.75,30036.75,30032.0,30032.75,17
20260624  21:00:00,30034.75,30036.5,30028.0,30031.0,78
20260624  21:01:00,30032.25,30039.25,30031.25,30037.0,37
20260624  21:02:00,30037.75,30038.0,30028.5,30030.25,31
20260624  21:03:00,30029.75,30034.0,30029.0,30034.0,29
20260624  21:04:00,30033.0,30039.0,30032.25,30033.5,53
20260624  21:05:00,30033.75,30037.75,30031.25,30036.5,44
20260624  21:06:00,30037.0,30037.5,30032.5,30032.5,26
20260624  21:07:00,30033.75,30040.5,30033.75,30040.25,49
20260624  21:08:00,30038.75,30040.5,30032.5,30033.5,50
20260624  21:09:00,30032.75,30043.25,30032.75,30040.75,35
20260624  21:10:00,30041.75,30045.0,30034.5,30034.5,100
20260624  21:11:00,30033.5,30043.75,30030.5,30040.5,87
20260624  21:12:00,30040.25,30041.25,30033.25,30035.5,51
20260624  21:13:00,30036.5,30040.0,30032.5,30040.0,96
20260624  21:14:00,30040.25,30041.75,30028.75,30029.25,52
20260624  21:15:00,30030.75,30035.25,30026.25,30032.0,68
20260624  21:16:00,30031.75,30036.5,30026.0,30027.5,89
20260624  21:17:00,30027.75,30027.75,30012.75,30017.0,137
20260624  21:18:00,30016.75,30026.5,30015.0,30026.5,183
20260624  21:19:00,30025.75,30028.0,30019.0,30027.5,94
20260624  21:20:00,30027.5,30033.25,30026.75,30027.5,61
20260624  21:21:00,30027.5,30037.0,30027.25,30036.0,58
20260624  21:22:00,30037.0,30044.25,30034.5,30043.5,112
20260624  21:23:00,30040.5,30042.0,30036.75,30038.5,64
20260624  21:24:00,30039.5,30041.75,30030.75,30030.75,59
20260624  21:25:00,30030.5,30031.0,30024.75,30028.75,91
20260624  21:26:00,30028.75,30030.75,30021.5,30021.75,31
20260624  21:27:00,30022.5,30024.75,30021.75,30022.75,31
20260624  21:28:00,30023.5,30023.5,30017.5,30020.5,43
20260624  21:29:00,30018.5,30021.0,30017.75,30017.75,18
20260624  21:30:00,30020.5,30022.25,30014.25,30015.75,43
20260624  21:31:00,30015.75,30015.75,30001.5,30002.25,99
20260624  21:32:00,30003.0,30004.75,29998.5,30002.75,60
20260624  21:33:00,30001.5,30006.75,29999.0,30005.5,41
20260624  21:34:00,30005.0,30012.0,30000.75,30012.0,83
20260624  21:35:00,30012.25,30015.75,30000.25,30004.0,95
20260624  21:36:00,30004.5,30010.25,30004.0,30009.75,71
20260624  21:37:00,30011.75,30019.75,30010.25,30019.75,80
20260624  21:38:00,30018.25,30029.0,30018.25,30023.75,139
20260624  21:39:00,30024.25,30030.5,30023.5,30027.0,56
20260624  21:40:00,30026.75,30031.0,30022.75,30022.75,84
20260624  21:41:00,30022.5,30022.75,30013.5,30016.5,68
20260624  21:42:00,30019.25,30026.5,30019.25,30026.5,44
20260624  21:43:00,30029.0,30034.25,30027.25,30032.25,113
20260624  21:44:00,30031.25,30039.0,30030.25,30038.5,84
20260624  21:45:00,30039.5,30040.75,30033.25,30034.5,66
20260624  21:46:00,30034.5,30038.5,30033.0,30038.5,46
20260624  21:47:00,30038.75,30040.5,30034.5,30040.0,69
20260624  21:48:00,30039.5,30054.75,30037.25,30045.0,315
20260624  21:49:00,30044.5,30044.5,30035.25,30039.5,95
20260624  21:50:00,30040.5,30056.0,30040.5,30054.25,204
20260624  21:51:00,30052.5,30053.0,30048.25,30051.25,47
20260624  21:52:00,30052.75,30057.5,30052.0,30055.5,77
20260624  21:53:00,30056.0,30064.75,30052.5,30061.5,123
20260624  21:54:00,30061.0,30062.25,30052.25,30052.25,47
20260624  21:55:00,30053.25,30054.5,30049.0,30054.0,57
20260624  21:56:00,30052.75,30052.75,30043.75,30044.0,76
20260624  21:57:00,30044.5,30051.5,30044.25,30046.5,54
20260624  21:58:00,30047.0,30047.25,30033.25,30036.0,114
20260624  21:59:00,30036.0,30041.75,30035.0,30041.0,46
20260624  22:00:00,30040.25,30052.75,30040.0,30043.5,132
20260624  22:01:00,30044.5,30062.25,30043.25,30060.0,134
20260624  22:02:00,30060.75,30066.25,30059.75,30064.25,89
20260624  22:03:00,30062.0,30063.0,30055.75,30059.0,47
20260624  22:04:00,30059.5,30064.75,30057.5,30062.75,68
20260624  22:05:00,30062.75,30074.0,30062.5,30072.0,173
20260624  22:06:00,30072.25,30072.75,30065.0,30067.0,87
20260624  22:07:00,30065.75,30073.5,30065.75,30071.0,66
20260624  22:08:00,30068.25,30074.75,30068.25,30073.0,46
20260624  22:09:00,30071.75,30073.25,30067.0,30070.5,42
20260624  22:10:00,30071.5,30071.5,30062.25,30067.0,98
20260624  22:11:00,30066.0,30067.0,30058.0,30060.5,112
20260624  22:12:00,30059.75,30063.75,30057.25,30061.75,56
20260624  22:13:00,30062.75,30070.25,30062.0,30067.0,51
20260624  22:14:00,30066.75,30071.0,30066.5,30068.5,37
20260624  22:15:00,30070.25,30073.25,30067.75,30071.25,27
20260624  22:16:00,30072.0,30076.75,30070.25,30076.0,89
20260624  22:17:00,30076.75,30077.0,30070.0,30074.5,70
20260624  22:18:00,30074.75,30074.75,30065.0,30065.0,58
20260624  22:19:00,30065.0,30067.75,30062.0,30064.0,65
20260624  22:20:00,30064.75,30068.5,30063.0,30066.75,40
20260624  22:21:00,30067.25,30073.5,30067.25,30071.5,81
20260624  22:22:00,30071.25,30076.0,30068.75,30075.75,43
20260624  22:23:00,30076.0,30084.5,30072.75,30084.0,140
20260624  22:24:00,30083.75,30089.25,30081.25,30085.75,100
20260624  22:25:00,30084.75,30088.5,30081.25,30081.25,104
20260624  22:26:00,30080.75,30090.25,30079.75,30089.25,131
20260624  22:27:00,30088.5,30095.0,30087.5,30092.25,101
20260624  22:28:00,30092.0,30097.25,30087.75,30093.25,124
20260624  22:29:00,30092.5,30097.5,30091.25,30094.0,80
20260624  22:30:00,30093.0,30095.75,30089.0,30093.25,94
20260624  22:31:00,30095.25,30100.0,30092.0,30097.25,125
20260624  22:32:00,30096.75,30102.25,30094.0,30094.0,53
20260624  22:33:00,30095.25,30103.25,30092.25,30102.75,66
20260624  22:34:00,30102.75,30108.0,30098.75,30108.0,88
20260624  22:35:00,30106.5,30110.5,30100.75,30103.75,88
20260624  22:36:00,30105.0,30107.75,30094.0,30098.5,188
20260624  22:37:00,30098.25,30104.0,30094.75,30100.5,262
20260624  22:38:00,30099.75,30105.25,30099.25,30101.75,58
20260624  22:39:00,30101.5,30104.0,30099.0,30101.5,66
20260624  22:40:00,30102.0,30116.0,30102.0,30112.0,106
20260624  22:41:00,30111.0,30114.0,30107.0,30113.75,87
20260624  22:42:00,30112.75,30121.25,30110.25,30120.0,180
20260624  22:43:00,30119.0,30119.0,30105.75,30107.0,155
20260624  22:44:00,30107.5,30114.75,30105.5,30106.25,99
20260624  22:45:00,30105.5,30107.0,30100.75,30102.75,102
20260624  22:46:00,30105.0,30106.25,30099.0,30100.25,76
20260624  22:47:00,30099.25,30100.25,30087.5,30097.5,189
20260624  22:48:00,30096.5,30106.0,30095.0,30100.5,206
20260624  22:49:00,30099.0,30101.25,30096.0,30099.5,91
20260624  22:50:00,30098.5,30098.5,30088.75,30092.0,168
20260624  22:51:00,30092.5,30100.0,30090.0,30100.0,70
20260624  22:52:00,30099.25,30106.5,30098.25,30104.75,270
20260624  22:53:00,30103.25,30103.25,30092.75,30092.75,120
20260624  22:54:00,30092.5,30100.5,30089.25,30094.5,91
20260624  22:55:00,30093.25,30095.0,30086.0,30089.5,189
20260624  22:56:00,30088.0,30096.25,30083.25,30094.75,133
20260624  22:57:00,30095.5,30096.75,30085.0,30090.5,55
20260624  22:58:00,30091.25,30093.25,30089.0,30090.0,98
20260624  22:59:00,30090.5,30094.0,30088.25,30089.25,60
20260624  23:00:00,30091.0,30106.5,30090.0,30104.5,264
20260624  23:01:00,30103.5,30104.25,30095.75,30100.25,151
20260624  23:02:00,30101.0,30108.0,30100.25,30107.25,126
20260624  23:03:00,30108.5,30111.0,30091.0,30099.25,179
20260624  23:04:00,30100.5,30102.0,30086.75,30089.0,123
20260624  23:05:00,30090.0,30090.25,30081.25,30086.25,129
20260624  23:06:00,30087.0,30087.0,30077.5,30082.5,161
20260624  23:07:00,30082.5,30097.5,30081.75,30096.25,110
20260624  23:08:00,30095.5,30102.75,30095.5,30102.75,102
20260624  23:09:00,30100.75,30105.75,30096.5,30100.75,185
20260624  23:10:00,30100.25,30101.0,30095.0,30098.5,171
20260624  23:11:00,30100.25,30102.5,30094.25,30102.5,159
20260624  23:12:00,30101.75,30105.0,30099.0,30103.5,103
20260624  23:13:00,30105.0,30120.0,30104.0,30119.75,225
20260624  23:14:00,30119.5,30120.5,30112.5,30112.5,137
20260624  23:15:00,30112.0,30119.5,30107.5,30117.0,140
20260624  23:16:00,30116.25,30123.5,30116.0,30119.25,131
20260624  23:17:00,30119.75,30123.0,30118.5,30120.5,64
20260624  23:18:00,30121.0,30125.5,30119.75,30124.75,119
20260624  23:19:00,30125.75,30126.5,30120.5,30122.0,97
20260624  23:20:00,30122.5,30127.25,30120.75,30126.25,85
20260624  23:21:00,30127.75,30128.25,30118.0,30122.75,121
20260624  23:22:00,30123.25,30130.0,30121.0,30128.75,158
20260624  23:23:00,30130.0,30131.75,30127.25,30128.5,61
20260624  23:24:00,30128.0,30131.0,30126.5,30131.0,90
20260624  23:25:00,30130.5,30131.25,30124.75,30125.0,91
20260624  23:26:00,30127.0,30127.75,30118.0,30125.5,201
20260624  23:27:00,30124.5,30128.0,30118.75,30127.0,163
20260624  23:28:00,30127.5,30127.5,30111.0,30112.0,136
20260624  23:29:00,30111.25,30113.0,30108.5,30110.5,102
20260624  23:30:00,30110.5,30113.0,30104.25,30113.0,181
20260624  23:31:00,30115.25,30116.75,30107.0,30111.5,135
20260624  23:32:00,30110.5,30114.75,30107.25,30114.75,67
20260624  23:33:00,30116.0,30118.75,30113.5,30116.5,83
20260624  23:34:00,30116.5,30119.5,30109.5,30116.5,205
20260624  23:35:00,30117.0,30120.25,30110.0,30115.25,145
20260624  23:36:00,30116.0,30119.0,30114.5,30118.25,53
20260624  23:37:00,30117.0,30117.0,30105.25,30107.5,170
20260624  23:38:00,30106.5,30113.25,30105.0,30111.5,85
20260624  23:39:00,30111.5,30111.75,30108.0,30111.5,29
20260624  23:40:00,30111.25,30111.25,30098.0,30104.0,93
20260624  23:41:00,30105.0,30110.5,30099.0,30110.5,87
20260624  23:42:00,30109.75,30116.0,30107.5,30114.0,76
20260624  23:43:00,30111.0,30111.0,30103.5,30106.0,72
20260624  23:44:00,30106.5,30107.0,30102.75,30104.5,19
20260624  23:45:00,30104.25,30108.0,30102.5,30106.25,120
20260624  23:46:00,30106.75,30112.25,30104.75,30110.75,208
20260624  23:47:00,30111.5,30111.5,30105.5,30105.75,62
20260624  23:48:00,30106.0,30108.5,30103.5,30103.5,77
20260624  23:49:00,30105.25,30105.5,30101.5,30104.0,47
20260624  23:50:00,30104.0,30104.75,30100.5,30102.25,69
20260624  23:51:00,30101.75,30119.5,30101.5,30115.5,178
20260624  23:52:00,30116.0,30116.0,30110.0,30115.25,92
20260624  23:53:00,30113.75,30113.75,30103.5,30103.5,78
20260624  23:54:00,30102.5,30109.0,30102.0,30104.0,62
20260624  23:55:00,30104.0,30108.75,30103.0,30108.75,58
20260624  23:56:00,30108.25,30113.25,30107.5,30108.5,79
20260624  23:57:00,30108.5,30109.25,30102.0,30105.5,61
20260624  23:58:00,30104.25,30108.0,30103.5,30104.5,73
20260624  23:59:00,30105.0,30110.0,30101.75,30105.25,108
20260625  00:00:00,30106.5,30121.75,30105.75,30116.0,267
20260625  00:01:00,30116.25,30125.0,30114.0,30115.25,136
20260625  00:02:00,30115.0,30116.75,30112.0,30112.5,57
20260625  00:03:00,30111.0,30126.5,30111.0,30119.5,275
20260625  00:04:00,30119.25,30121.5,30115.75,30121.25,101
20260625  00:05:00,30122.5,30137.25,30122.0,30132.5,304
20260625  00:06:00,30133.0,30138.5,30131.75,30134.25,183
20260625  00:07:00,30133.0,30135.0,30131.0,30132.5,75
20260625  00:08:00,30134.75,30138.25,30128.25,30130.0,126
20260625  00:09:00,30131.75,30134.0,30130.25,30131.25,58
20260625  00:10:00,30132.0,30132.0,30125.25,30129.0,45
20260625  00:11:00,30127.5,30133.0,30124.75,30126.25,64
20260625  00:12:00,30125.75,30131.5,30123.25,30130.25,67
20260625  00:13:00,30130.75,30130.75,30125.0,30127.5,47
20260625  00:14:00,30126.0,30128.0,30122.0,30126.5,79
20260625  00:15:00,30126.25,30133.25,30126.25,30131.5,67
20260625  00:16:00,30130.5,30144.0,30130.5,30143.0,142
20260625  00:17:00,30143.0,30159.25,30140.75,30155.5,504
20260625  00:18:00,30155.0,30156.75,30152.5,30154.25,96
20260625  00:19:00,30154.75,30155.5,30150.5,30155.5,95
20260625  00:20:00,30156.25,30177.25,30156.25,30176.0,468
20260625  00:21:00,30175.0,30181.25,30170.5,30173.0,182
20260625  00:22:00,30173.5,30181.5,30169.0,30178.5,164
20260625  00:23:00,30178.25,30183.25,30170.0,30180.75,362
20260625  00:24:00,30180.75,30185.75,30177.5,30179.25,203
20260625  00:25:00,30180.5,30186.5,30169.5,30169.5,219
20260625  00:26:00,30171.0,30175.5,30167.0,30170.0,123
20260625  00:27:00,30171.0,30179.0,30170.75,30178.75,83
20260625  00:28:00,30179.25,30181.25,30171.25,30173.5,84
20260625  00:29:00,30172.25,30178.0,30171.5,30171.5,120
20260625  00:30:00,30170.75,30171.75,30161.75,30164.75,136
20260625  00:31:00,30164.5,30170.5,30162.75,30169.75,84
20260625  00:32:00,30170.25,30176.25,30169.75,30173.0,117
20260625  00:33:00,30171.25,30172.5,30166.75,30172.5,69
20260625  00:34:00,30173.0,30176.0,30167.0,30169.5,93
20260625  00:35:00,30168.75,30172.25,30160.0,30161.75,88
20260625  00:36:00,30161.5,30163.0,30150.0,30154.75,174
20260625  00:37:00,30154.0,30162.0,30153.25,30154.75,86
20260625  00:38:00,30153.75,30165.5,30149.25,30163.5,105
20260625  00:39:00,30164.5,30172.25,30164.5,30172.0,73
20260625  00:40:00,30172.5,30176.75,30170.0,30171.25,109
20260625  00:41:00,30172.5,30174.75,30167.5,30174.75,45
20260625  00:42:00,30175.75,30181.25,30172.25,30177.25,102
20260625  00:43:00,30178.0,30182.0,30175.0,30175.0,110
20260625  00:44:00,30175.0,30180.0,30174.75,30176.0,104
20260625  00:45:00,30176.75,30178.0,30164.75,30168.0,129
20260625  00:46:00,30168.75,30170.0,30163.75,30166.0,87
20260625  00:47:00,30168.0,30174.0,30165.75,30172.25,73
20260625  00:48:00,30170.0,30176.0,30167.75,30171.5,88
20260625  00:49:00,30172.0,30172.75,30166.25,30168.5,72
20260625  00:50:00,30167.75,30169.5,30164.25,30164.25,41
20260625  00:51:00,30163.5,30164.5,30157.5,30158.75,68
20260625  00:52:00,30158.75,30163.5,30157.25,30160.75,75
20260625  00:53:00,30161.5,30167.5,30161.5,30165.25,83
20260625  00:54:00,30165.75,30165.75,30161.25,30161.5,32
20260625  00:55:00,30162.25,30162.5,30154.0,30154.5,47
20260625  00:56:00,30156.25,30167.0,30156.25,30164.5,68
20260625  00:57:00,30164.5,30173.25,30164.5,30172.75,84
20260625  00:58:00,30172.75,30178.0,30171.75,30176.75,101
20260625  00:59:00,30175.75,30181.75,30175.75,30181.75,75
20260625  01:00:00,30182.0,30193.75,30165.0,30193.5,399
20260625  01:01:00,30193.75,30198.25,30187.5,30194.5,224
20260625  01:02:00,30195.5,30213.75,30192.0,30212.5,488
20260625  01:03:00,30214.0,30219.0,30199.25,30203.0,278
20260625  01:04:00,30202.5,30203.25,30190.0,30190.0,312
20260625  01:05:00,30189.25,30194.5,30186.25,30189.5,408
20260625  01:06:00,30191.75,30208.75,30191.25,30200.25,145
20260625  01:07:00,30201.5,30205.0,30194.5,30198.5,250
20260625  01:08:00,30199.5,30205.5,30198.25,30199.25,140
20260625  01:09:00,30198.75,30208.5,30198.75,30205.75,165
20260625  01:10:00,30203.25,30213.75,30200.5,30210.75,156
20260625  01:11:00,30209.25,30214.25,30203.5,30212.5,95
20260625  01:12:00,30213.0,30217.75,30205.5,30205.5,108
20260625  01:13:00,30203.5,30204.75,30189.25,30190.5,87
20260625  01:14:00,30190.5,30192.75,30182.25,30182.25,103
20260625  01:15:00,30183.75,30185.0,30173.5,30173.5,179
20260625  01:16:00,30174.25,30177.25,30167.25,30168.0,149
20260625  01:17:00,30166.75,30169.75,30161.25,30167.25,125
20260625  01:18:00,30167.0,30174.5,30164.75,30174.5,77
20260625  01:19:00,30174.25,30176.25,30167.5,30170.5,62
20260625  01:20:00,30170.75,30178.0,30161.75,30164.75,171
20260625  01:21:00,30164.0,30174.0,30158.0,30173.5,100
20260625  01:22:00,30174.25,30176.75,30168.0,30171.0,99
20260625  01:23:00,30169.75,30171.75,30164.75,30168.5,50
20260625  01:24:00,30169.25,30174.0,30167.0,30170.75,50
20260625  01:25:00,30170.25,30173.75,30164.75,30165.0,113
20260625  01:26:00,30165.0,30172.0,30160.25,30171.25,99
20260625  01:27:00,30171.25,30174.0,30167.75,30171.5,66
20260625  01:28:00,30173.5,30185.5,30173.5,30180.0,215
20260625  01:29:00,30180.25,30180.25,30167.5,30172.0,180
20260625  01:30:00,30171.25,30175.5,30163.0,30163.0,190
20260625  01:31:00,30163.5,30169.25,30163.5,30169.25,65
20260625  01:32:00,30168.5,30175.5,30165.5,30167.5,52
20260625  01:33:00,30168.25,30178.5,30167.0,30173.75,69
20260625  01:34:00,30169.75,30169.75,30160.0,30160.0,118
20260625  01:35:00,30161.5,30169.25,30158.75,30164.25,71
20260625  01:36:00,30165.0,30178.0,30165.0,30176.5,90
20260625  01:37:00,30175.75,30177.25,30174.75,30177.25,26
20260625  01:38:00,30181.0,30182.0,30174.25,30176.5,92
20260625  01:39:00,30177.75,30183.75,30177.25,30179.75,50
20260625  01:40:00,30180.25,30180.25,30174.75,30175.5,30
20260625  01:41:00,30173.5,30173.75,30169.5,30172.0,35
20260625  01:42:00,30170.5,30170.5,30162.0,30162.75,56
20260625  01:43:00,30162.25,30164.75,30159.75,30160.75,59
20260625  01:44:00,30161.25,30162.0,30154.0,30154.5,113
20260625  01:45:00,30154.0,30156.5,30147.25,30147.25,151
20260625  01:46:00,30147.75,30149.75,30140.0,30149.75,88
20260625  01:47:00,30149.25,30150.5,30140.0,30141.75,91
20260625  01:48:00,30141.25,30154.75,30141.25,30144.75,162
20260625  01:49:00,30143.5,30146.75,30139.25,30145.5,120
20260625  01:50:00,30146.25,30146.25,30133.75,30134.0,72
20260625  01:51:00,30134.25,30136.0,30129.0,30132.75,108
20260625  01:52:00,30132.25,30134.5,30119.25,30133.5,245
20260625  01:53:00,30131.75,30137.5,30126.75,30130.5,96
20260625  01:54:00,30129.5,30134.5,30127.25,30132.75,48
20260625  01:55:00,30134.25,30138.75,30127.75,30130.5,73
20260625  01:56:00,30130.5,30132.25,30122.75,30123.5,96
20260625  01:57:00,30124.5,30126.5,30122.25,30125.25,73
20260625  01:58:00,30125.75,30127.0,30111.0,30116.5,215
20260625  01:59:00,30116.75,30123.25,30114.5,30119.5,94
20260625  02:00:00,30121.0,30136.75,30119.75,30135.0,149
20260625  02:01:00,30135.25,30136.0,30120.25,30120.75,72
20260625  02:02:00,30119.5,30125.0,30114.0,30125.0,103
20260625  02:03:00,30124.75,30139.75,30123.75,30139.75,98
20260625  02:04:00,30139.25,30139.25,30133.25,30135.25,55
20260625  02:05:00,30134.25,30144.5,30133.0,30143.75,105
20260625  02:06:00,30144.25,30151.0,30142.75,30145.75,159
20260625  02:07:00,30146.75,30150.5,30145.25,30145.25,77
20260625  02:08:00,30147.25,30147.25,30141.25,30144.25,51
20260625  02:09:00,30142.0,30146.25,30134.0,30134.0,69
20260625  02:10:00,30134.5,30137.25,30130.25,30136.75,86
20260625  02:11:00,30137.0,30140.25,30131.25,30139.0,73
20260625  02:12:00,30140.75,30149.25,30140.75,30145.0,132
20260625  02:13:00,30146.75,30150.75,30135.25,30139.25,173
20260625  02:14:00,30138.5,30138.5,30133.75,30137.75,79
20260625  02:15:00,30137.5,30142.75,30135.25,30138.0,117
20260625  02:16:00,30134.75,30150.75,30131.75,30149.25,132
20260625  02:17:00,30149.0,30149.0,30134.0,30137.0,137
20260625  02:18:00,30136.25,30136.25,30122.25,30128.5,120
20260625  02:19:00,30128.75,30131.25,30120.0,30122.5,115
20260625  02:20:00,30121.25,30126.5,30118.25,30122.25,123
20260625  02:21:00,30120.75,30127.5,30120.25,30124.5,104
20260625  02:22:00,30125.25,30127.75,30123.25,30125.0,61
20260625  02:23:00,30122.5,30133.75,30122.5,30131.75,76
20260625  02:24:00,30133.25,30134.0,30129.0,30134.0,45
20260625  02:25:00,30132.0,30132.0,30126.25,30130.75,43
20260625  02:26:00,30129.75,30132.75,30128.25,30130.5,69
20260625  02:27:00,30131.5,30134.5,30126.25,30130.5,76
20260625  02:28:00,30131.0,30140.0,30129.5,30138.75,42
20260625  02:29:00,30138.0,30143.25,30134.5,30137.25,110
20260625  02:30:00,30137.25,30155.0,30135.75,30151.0,141
20260625  02:31:00,30149.0,30149.0,30132.25,30134.25,135
20260625  02:32:00,30134.5,30140.75,30133.25,30137.75,50
20260625  02:33:00,30138.0,30144.25,30135.5,30144.0,84
20260625  02:34:00,30143.5,30147.75,30140.5,30140.5,61
20260625  02:35:00,30140.25,30144.25,30138.25,30142.25,77
20260625  02:36:00,30142.25,30153.25,30140.0,30148.25,98
20260625  02:37:00,30148.5,30156.75,30146.25,30155.25,81
20260625  02:38:00,30153.25,30155.25,30151.5,30152.5,47
20260625  02:39:00,30152.5,30156.25,30151.0,30156.0,44
20260625  02:40:00,30155.25,30155.25,30144.5,30150.5,88
20260625  02:41:00,30151.75,30155.5,30150.0,30152.25,35
20260625  02:42:00,30152.5,30154.0,30147.5,30151.75,37
20260625  02:43:00,30152.25,30156.0,30150.5,30152.5,86
20260625  02:44:00,30151.5,30151.75,30148.25,30150.5,37
20260625  02:45:00,30148.0,30149.0,30143.0,30144.75,55
20260625  02:46:00,30143.5,30148.5,30141.25,30148.5,47
20260625  02:47:00,30147.75,30150.5,30145.25,30146.75,31
20260625  02:48:00,30148.0,30150.0,30145.5,30148.5,23
20260625  02:49:00,30148.0,30151.25,30147.0,30150.5,53
20260625  02:50:00,30149.5,30151.75,30146.5,30146.75,35
20260625  02:51:00,30146.75,30154.0,30146.0,30152.75,28
20260625  02:52:00,30150.0,30158.0,30148.75,30155.75,55
20260625  02:53:00,30156.75,30157.75,30152.5,30155.0,48
20260625  02:54:00,30155.75,30155.75,30144.5,30150.5,110
20260625  02:55:00,30150.25,30150.5,30135.0,30135.5,85
20260625  02:56:00,30136.0,30143.25,30136.0,30140.25,39
20260625  02:57:00,30140.5,30144.0,30135.0,30136.5,46
20260625  02:58:00,30138.0,30140.75,30135.75,30135.75,55
20260625  02:59:00,30138.0,30138.0,30129.0,30131.0,82
20260625  03:00:00,30131.75,30137.0,30128.5,30132.75,96
20260625  03:01:00,30130.75,30140.0,30130.75,30136.5,73
20260625  03:02:00,30137.5,30142.0,30137.5,30137.5,22
20260625  03:03:00,30139.5,30139.5,30125.75,30128.0,65
20260625  03:04:00,30127.75,30139.5,30127.5,30139.5,19
20260625  03:05:00,30139.5,30140.5,30134.75,30137.5,75
20260625  03:06:00,30137.25,30142.0,30132.25,30142.0,62
20260625  03:07:00,30141.5,30149.75,30140.25,30145.0,120
20260625  03:08:00,30144.5,30151.25,30143.25,30146.0,102
20260625  03:09:00,30148.25,30151.5,30148.0,30151.5,20
20260625  03:10:00,30152.0,30152.0,30144.5,30149.75,51
20260625  03:11:00,30151.0,30153.25,30146.0,30149.25,33
20260625  03:12:00,30150.0,30162.5,30147.0,30162.5,120
20260625  03:13:00,30159.75,30160.75,30153.75,30154.0,44
20260625  03:14:00,30154.0,30160.5,30153.25,30159.25,41
20260625  03:15:00,30160.75,30165.25,30155.0,30165.25,62
20260625  03:16:00,30166.0,30169.5,30161.75,30164.25,111
20260625  03:17:00,30164.75,30164.75,30154.25,30154.25,47
20260625  03:18:00,30156.25,30164.0,30156.25,30163.0,54
20260625  03:19:00,30164.0,30165.25,30160.75,30162.0,83
20260625  03:20:00,30159.75,30160.75,30143.0,30146.75,137
20260625  03:21:00,30145.5,30151.5,30145.0,30151.5,55
20260625  03:22:00,30152.25,30156.75,30151.75,30156.75,43
20260625  03:23:00,30155.75,30156.5,30153.25,30155.0,10
20260625  03:24:00,30157.75,30160.0,30155.75,30159.0,46
20260625  03:25:00,30158.25,30167.0,30157.0,30167.0,46
20260625  03:26:00,30167.0,30168.5,30160.0,30160.0,54
20260625  03:27:00,30159.0,30159.5,30157.25,30157.75,27
20260625  03:28:00,30159.75,30160.75,30153.25,30157.5,33
20260625  03:29:00,30157.5,30164.25,30157.5,30164.25,52
20260625  03:30:00,30164.75,30173.5,30164.75,30169.0,139
20260625  03:31:00,30168.0,30175.0,30166.75,30169.75,181
20260625  03:32:00,30167.75,30173.75,30163.5,30173.75,144
20260625  03:33:00,30170.25,30171.0,30163.5,30167.0,70
20260625  03:34:00,30166.0,30167.0,30160.75,30164.5,82
20260625  03:35:00,30164.0,30164.25,30156.5,30159.25,90
20260625  03:36:00,30161.0,30168.0,30157.0,30168.0,67
20260625  03:37:00,30167.25,30181.0,30164.25,30181.0,139
20260625  03:38:00,30180.5,30185.0,30179.5,30179.75,126
20260625  03:39:00,30179.5,30179.5,30170.5,30173.25,77
20260625  03:40:00,30172.0,30173.25,30166.0,30166.25,75
20260625  03:41:00,30168.5,30168.5,30148.0,30155.5,276
20260625  03:42:00,30156.25,30156.75,30152.0,30152.0,53
20260625  03:43:00,30153.25,30156.75,30147.5,30155.25,85
20260625  03:44:00,30153.75,30156.0,30148.5,30153.0,53
20260625  03:45:00,30153.0,30153.0,30140.0,30145.75,89
20260625  03:46:00,30144.75,30153.75,30144.25,30153.25,104
20260625  03:47:00,30152.0,30155.0,30149.25,30154.75,69
20260625  03:48:00,30155.0,30158.0,30152.5,30157.5,87
20260625  03:49:00,30157.5,30162.0,30154.5,30162.0,178
20260625  03:50:00,30161.25,30163.75,30156.75,30158.0,141
20260625  03:51:00,30159.75,30167.5,30159.75,30167.5,40
20260625  03:52:00,30167.5,30175.5,30167.25,30168.0,153
20260625  03:53:00,30167.25,30167.25,30162.25,30166.75,54
20260625  03:54:00,30168.0,30171.0,30167.75,30171.0,49
20260625  03:55:00,30170.25,30176.0,30169.75,30173.5,49
20260625  03:56:00,30174.0,30175.75,30168.75,30168.75,69
20260625  03:57:00,30169.0,30169.75,30166.0,30168.25,30
20260625  03:58:00,30167.0,30167.0,30152.0,30156.25,146
20260625  03:59:00,30156.0,30161.5,30149.75,30160.5,129
20260625  04:00:00,30160.25,30190.0,30160.0,30180.25,405
20260625  04:01:00,30180.75,30190.0,30178.75,30188.5,105
20260625  04:02:00,30187.25,30193.0,30181.0,30188.5,152
20260625  04:03:00,30186.75,30189.5,30175.25,30178.5,156
20260625  04:04:00,30179.5,30190.75,30174.75,30187.5,136
20260625  04:05:00,30185.75,30187.5,30175.5,30176.0,93
20260625  04:06:00,30175.5,30176.0,30160.0,30161.25,167
20260625  04:07:00,30161.0,30165.25,30154.75,30160.5,227
20260625  04:08:00,30159.75,30164.5,30155.75,30163.5,76
20260625  04:09:00,30161.25,30165.0,30157.0,30164.0,137
20260625  04:10:00,30164.5,30167.5,30161.5,30165.0,88
20260625  04:11:00,30164.75,30175.25,30164.25,30171.25,192
20260625  04:12:00,30171.5,30171.5,30157.0,30157.0,136
20260625  04:13:00,30157.25,30159.5,30151.25,30155.75,256
20260625  04:14:00,30155.75,30159.5,30152.5,30153.0,74
20260625  04:15:00,30152.0,30156.75,30143.0,30152.75,201
20260625  04:16:00,30151.5,30157.25,30149.5,30149.75,115
20260625  04:17:00,30150.25,30158.5,30149.25,30156.25,70
20260625  04:18:00,30153.25,30155.5,30146.0,30152.75,108
20260625  04:19:00,30153.75,30156.5,30142.25,30144.0,130
20260625  04:20:00,30143.25,30146.0,30135.25,30136.0,194
20260625  04:21:00,30136.5,30136.5,30129.0,30134.0,167
20260625  04:22:00,30132.5,30135.25,30120.5,30129.5,142
20260625  04:23:00,30130.25,30131.25,30122.5,30122.5,96
20260625  04:24:00,30122.5,30123.5,30115.25,30116.75,139
20260625  04:25:00,30115.75,30121.5,30112.75,30121.0,184
20260625  04:26:00,30120.75,30125.0,30115.75,30123.5,81
20260625  04:27:00,30122.75,30125.75,30115.25,30120.5,124
20260625  04:28:00,30121.25,30121.25,30108.25,30116.75,257
20260625  04:29:00,30115.75,30120.75,30111.25,30117.75,124
20260625  04:30:00,30118.75,30118.75,30099.0,30106.0,258
20260625  04:31:00,30107.0,30118.0,30104.0,30113.75,139
20260625  04:32:00,30114.25,30119.25,30110.25,30110.5,97
20260625  04:33:00,30111.0,30124.5,30107.5,30122.5,105
20260625  04:34:00,30122.75,30124.0,30109.25,30113.0,142
20260625  04:35:00,30113.0,30122.5,30112.5,30119.25,106
20260625  04:36:00,30120.0,30127.0,30120.0,30122.75,90
20260625  04:37:00,30122.0,30122.0,30109.25,30112.75,88
20260625  04:38:00,30109.5,30119.0,30109.0,30117.5,111
20260625  04:39:00,30118.0,30127.25,30117.0,30123.0,104
20260625  04:40:00,30123.75,30126.25,30119.75,30125.75,134
20260625  04:41:00,30126.5,30129.5,30121.25,30126.75,67
20260625  04:42:00,30127.75,30130.75,30123.5,30129.5,79
20260625  04:43:00,30129.75,30135.0,30129.75,30133.25,80
20260625  04:44:00,30133.75,30138.5,30130.0,30130.5,137
20260625  04:45:00,30132.0,30155.0,30131.25,30150.0,226
20260625  04:46:00,30148.75,30150.0,30142.5,30142.5,152
20260625  04:47:00,30142.0,30142.25,30129.0,30134.75,202
20260625  04:48:00,30135.0,30135.25,30128.5,30133.5,69
20260625  04:49:00,30134.0,30138.0,30132.25,30132.25,64
20260625  04:50:00,30132.5,30141.0,30130.25,30133.25,118
20260625  04:51:00,30133.0,30141.0,30129.25,30137.25,126
20260625  04:52:00,30137.5,30140.75,30136.75,30138.5,42
20260625  04:53:00,30136.25,30136.25,30126.5,30127.25,79
20260625  04:54:00,30126.5,30128.0,30118.5,30119.75,103
20260625  04:55:00,30120.25,30121.75,30114.0,30117.5,127
20260625  04:56:00,30118.0,30126.0,30116.5,30123.0,91
20260625  04:57:00,30123.5,30131.75,30123.5,30131.25,109
20260625  04:58:00,30130.75,30133.75,30122.75,30133.0,84
20260625  04:59:00,30132.0,30134.75,30129.25,30131.25,130
20260625  05:00:00,30130.25,30140.75,30126.75,30127.5,156
20260625  05:01:00,30127.25,30130.5,30121.0,30126.75,160
20260625  05:02:00,30125.5,30134.0,30125.5,30131.75,76
20260625  05:03:00,30131.5,30137.75,30126.0,30133.0,167
20260625  05:04:00,30132.25,30144.5,30131.0,30144.5,104
20260625  05:05:00,30144.75,30161.75,30143.5,30159.0,338
20260625  05:06:00,30159.75,30165.0,30154.5,30156.25,221
20260625  05:07:00,30155.5,30160.25,30151.5,30157.5,100
20260625  05:08:00,30159.5,30182.0,30159.5,30176.25,342
20260625  05:09:00,30177.5,30178.25,30168.0,30168.25,133
20260625  05:10:00,30167.25,30168.25,30161.0,30164.5,91
20260625  05:11:00,30165.25,30169.25,30159.0,30163.75,150
20260625  05:12:00,30163.5,30169.0,30161.75,30166.0,87
20260625  05:13:00,30165.5,30167.25,30136.5,30137.5,516
20260625  05:14:00,30136.0,30146.0,30132.5,30141.5,318
20260625  05:15:00,30141.75,30150.0,30139.0,30144.5,165
20260625  05:16:00,30144.0,30153.0,30141.25,30143.5,176
20260625  05:17:00,30143.25,30143.25,30126.5,30135.75,189
20260625  05:18:00,30133.75,30135.0,30127.75,30135.0,115
20260625  05:19:00,30134.5,30139.25,30129.0,30133.75,105
20260625  05:20:00,30132.5,30136.5,30122.25,30135.25,110
20260625  05:21:00,30135.0,30139.25,30129.5,30130.25,86
20260625  05:22:00,30130.5,30130.5,30122.0,30124.5,69
20260625  05:23:00,30122.5,30125.5,30117.0,30122.5,124
20260625  05:24:00,30122.5,30138.75,30122.0,30137.0,191
20260625  05:25:00,30137.5,30146.25,30137.25,30137.75,264
20260625  05:26:00,30137.75,30140.75,30131.0,30132.5,145
20260625  05:27:00,30131.5,30140.75,30129.5,30139.75,83
20260625  05:28:00,30139.5,30140.25,30132.5,30138.0,78
20260625  05:29:00,30137.0,30139.0,30127.0,30131.0,129
20260625  05:30:00,30130.75,30263.75,30126.0,30242.75,1955
20260625  05:31:00,30245.25,30247.5,30205.25,30206.0,1065
20260625  05:32:00,30207.0,30221.25,30177.5,30193.25,883
20260625  05:33:00,30190.75,30202.5,30174.5,30176.25,497
20260625  05:34:00,30176.25,30208.0,30176.25,30205.75,376
20260625  05:35:00,30206.75,30214.25,30193.25,30205.5,471
20260625  05:36:00,30204.75,30227.5,30204.75,30225.0,425
20260625  05:37:00,30224.75,30234.75,30201.75,30204.75,524
20260625  05:38:00,30203.75,30210.5,30186.75,30203.75,336
20260625  05:39:00,30204.25,30209.0,30184.75,30197.75,424
20260625  05:40:00,30198.25,30209.75,30183.5,30185.0,246
20260625  05:41:00,30184.0,30201.25,30175.5,30192.75,336
20260625  05:42:00,30194.25,30215.5,30188.0,30204.25,448
20260625  05:43:00,30204.0,30206.75,30188.25,30190.25,295
20260625  05:44:00,30189.75,30199.0,30186.5,30192.75,222
20260625  05:45:00,30193.75,30200.5,30187.75,30198.5,155
20260625  05:46:00,30197.75,30210.5,30190.75,30205.75,259
20260625  05:47:00,30205.25,30222.25,30199.5,30221.75,362
20260625  05:48:00,30220.75,30227.25,30213.0,30223.0,276
20260625  05:49:00,30223.0,30224.5,30205.75,30207.5,200
20260625  05:50:00,30208.0,30213.75,30204.5,30207.5,229
20260625  05:51:00,30208.25,30221.75,30205.5,30216.0,260
20260625  05:52:00,30215.75,30221.25,30211.0,30214.5,198
20260625  05:53:00,30212.0,30220.0,30205.75,30211.0,141
20260625  05:54:00,30210.5,30215.0,30206.0,30213.75,192
20260625  05:55:00,30213.75,30214.25,30202.0,30210.25,162
20260625  05:56:00,30210.75,30211.5,30198.25,30203.5,153
20260625  05:57:00,30205.0,30211.5,30202.25,30202.25,100
20260625  05:58:00,30201.5,30201.5,30190.75,30193.25,147
20260625  05:59:00,30194.0,30206.5,30193.0,30201.25,233
20260625  06:00:00,30202.75,30214.75,30192.75,30194.25,359
20260625  06:01:00,30193.5,30196.75,30188.25,30190.75,308
20260625  06:02:00,30192.0,30199.75,30186.5,30196.25,299
20260625  06:03:00,30198.0,30201.75,30178.5,30182.5,253
20260625  06:04:00,30183.5,30188.0,30172.0,30179.5,239
20260625  06:05:00,30177.25,30179.25,30165.0,30171.5,452
20260625  06:06:00,30171.75,30180.5,30168.25,30169.75,174
20260625  06:07:00,30169.0,30176.0,30160.75,30163.25,201
20260625  06:08:00,30161.5,30167.75,30160.25,30167.5,199
20260625  06:09:00,30167.5,30172.0,30152.75,30155.0,347
20260625  06:10:00,30156.5,30161.5,30151.75,30159.0,214
20260625  06:11:00,30159.0,30165.25,30144.25,30162.5,419
20260625  06:12:00,30161.5,30168.25,30157.75,30163.25,156
20260625  06:13:00,30163.75,30165.0,30143.5,30160.0,599
20260625  06:14:00,30158.75,30165.0,30153.75,30163.5,200
20260625  06:15:00,30165.0,30165.0,30148.75,30153.5,280
20260625  06:16:00,30152.5,30152.5,30141.5,30145.0,201
20260625  06:17:00,30144.25,30149.0,30138.25,30147.0,166
20260625  06:18:00,30147.5,30147.5,30137.0,30141.5,185
20260625  06:19:00,30141.5,30149.25,30136.75,30144.0,259
20260625  06:20:00,30143.5,30153.0,30141.75,30149.25,300
20260625  06:21:00,30147.25,30151.75,30138.5,30143.75,308
20260625  06:22:00,30142.75,30153.0,30135.75,30151.25,284
20260625  06:23:00,30150.0,30152.75,30141.5,30146.0,213
20260625  06:24:00,30147.0,30147.25,30130.0,30141.75,364
20260625  06:25:00,30142.75,30166.75,30142.75,30161.75,717
20260625  06:26:00,30160.5,30169.5,30159.75,30169.5,337
20260625  06:27:00,30168.75,30179.25,30167.0,30177.5,619
20260625  06:28:00,30178.25,30179.25,30153.5,30161.75,834
20260625  06:29:00,30161.0,30163.5,30149.0,30151.0,1157
20260625  06:30:00,30153.25,30193.0,30108.0,30122.0,6625
20260625  06:31:00,30122.5,30126.75,30065.25,30081.25,4137
20260625  06:32:00,30081.0,30092.5,30060.0,30070.0,2883
20260625  06:33:00,30070.5,30070.5,30040.0,30049.5,2655
20260625  06:34:00,30050.0,30075.5,30045.0,30057.75,2500
20260625  06:35:00,30057.75,30088.25,30057.5,30087.0,2141
20260625  06:36:00,30085.5,30090.5,30047.0,30064.0,1828
20260625  06:37:00,30064.0,30084.0,30026.75,30029.75,2165
20260625  06:38:00,30029.5,30035.75,29991.75,30009.0,2724
20260625  06:39:00,30008.25,30031.5,29994.75,29995.5,2021
20260625  06:40:00,29995.75,30010.5,29944.5,29946.75,3188
20260625  06:41:00,29947.75,29961.75,29904.0,29906.0,2904
20260625  06:42:00,29906.5,29913.0,29844.5,29846.25,3884
20260625  06:43:00,29846.0,29853.75,29758.25,29769.25,4002
20260625  06:44:00,29771.25,29806.0,29747.0,29768.25,4238
20260625  06:45:00,29768.25,29817.0,29690.0,29702.25,5392
20260625  06:46:00,29702.25,29716.75,29587.5,29618.25,5295
20260625  06:47:00,29620.5,29657.75,29572.5,29600.0,3781
20260625  06:48:00,29601.25,29636.75,29530.25,29532.75,4285
20260625  06:49:00,29532.75,29653.0,29528.75,29637.5,3401
20260625  06:50:00,29638.25,29683.0,29600.0,29646.25,4013
20260625  06:51:00,29646.25,29655.75,29535.25,29540.25,3537
20260625  06:52:00,29538.75,29556.25,29486.0,29520.75,3998
20260625  06:53:00,29518.75,29565.0,29444.0,29453.0,3659
20260625  06:54:00,29453.5,29486.5,29405.75,29421.5,3473
20260625  06:55:00,29421.75,29447.25,29335.25,29384.75,4277
20260625  06:56:00,29384.75,29435.75,29364.75,29396.75,3543
20260625  06:57:00,29395.5,29464.0,29380.0,29419.25,3263
20260625  06:58:00,29419.0,29432.0,29355.25,29357.75,2548
20260625  06:59:00,29356.5,29385.0,29295.75,29316.0,3093
20260625  07:00:00,29316.75,29414.75,29306.5,29379.0,3562
20260625  07:01:00,29379.5,29460.75,29349.0,29424.0,2715
20260625  07:02:00,29429.0,29490.0,29401.5,29483.5,2819
20260625  07:03:00,29483.5,29546.25,29465.75,29510.0,3745
20260625  07:04:00,29511.25,29518.5,29464.0,29487.0,2410
20260625  07:05:00,29487.5,29566.0,29484.75,29505.5,3065
20260625  07:06:00,29502.25,29556.5,29489.5,29544.5,2657
20260625  07:07:00,29545.5,29581.5,29540.0,29575.0,2483
20260625  07:08:00,29573.75,29610.25,29543.5,29588.5,2512
20260625  07:09:00,29590.75,29615.25,29576.5,29605.25,1881
20260625  07:10:00,29606.25,29677.5,29593.75,29650.5,3004
20260625  07:11:00,29649.75,29690.0,29635.75,29664.0,2555
20260625  07:12:00,29663.75,29677.75,29618.25,29622.0,2290
20260625  07:13:00,29623.0,29643.5,29553.25,29578.75,2541
20260625  07:14:00,29579.75,29597.5,29542.75,29548.25,2175
20260625  07:15:00,29547.25,29610.5,29528.75,29538.75,2598
20260625  07:16:00,29540.5,29560.75,29477.25,29501.0,2356
20260625  07:17:00,29500.75,29568.5,29485.0,29537.0,2132
20260625  07:18:00,29535.25,29562.75,29508.0,29522.0,1840
20260625  07:19:00,29518.75,29618.75,29488.0,29612.25,2231
20260625  07:20:00,29609.0,29673.25,29593.75,29651.75,2724
20260625  07:21:00,29650.25,29682.25,29635.5,29673.75,1884
20260625  07:22:00,29675.0,29685.5,29590.0,29592.75,2427
20260625  07:23:00,29593.25,29614.75,29559.75,29588.0,2033
20260625  07:24:00,29588.25,29590.25,29524.0,29569.75,1729
20260625  07:25:00,29570.0,29614.5,29570.0,29591.75,1744
20260625  07:26:00,29592.5,29627.75,29562.0,29608.5,1390
20260625  07:27:00,29609.0,29638.25,29562.5,29575.25,1421
20260625  07:28:00,29575.25,29614.5,29551.0,29587.0,1385
20260625  07:29:00,29590.0,29608.25,29566.25,29586.25,1486
20260625  07:30:00,29586.0,29622.5,29584.0,29601.25,1282
20260625  07:31:00,29603.75,29638.0,29599.25,29600.25,1472
20260625  07:32:00,29603.0,29666.5,29584.25,29658.5,1986
20260625  07:33:00,29656.75,29716.25,29647.0,29689.5,2190
20260625  07:34:00,29689.75,29695.0,29618.75,29670.25,1994
20260625  07:35:00,29666.5,29694.0,29661.0,29670.0,1249
20260625  07:36:00,29671.0,29687.25,29654.0,29670.0,1210
20260625  07:37:00,29671.25,29691.25,29607.75,29631.75,1687
20260625  07:38:00,29630.75,29658.5,29623.0,29639.5,951
20260625  07:39:00,29639.25,29709.75,29637.5,29698.0,1459
20260625  07:40:00,29697.5,29711.5,29672.0,29696.5,1194
20260625  07:41:00,29697.75,29703.5,29657.25,29668.75,1120
20260625  07:42:00,29669.0,29669.5,29629.75,29636.25,1139
20260625  07:43:00,29635.25,29648.75,29595.0,29599.5,1377
20260625  07:44:00,29600.25,29620.75,29564.25,29603.75,2047
20260625  07:45:00,29604.0,29622.25,29562.0,29597.25,1481
20260625  07:46:00,29596.25,29613.25,29576.75,29581.75,879
20260625  07:47:00,29583.0,29611.0,29573.0,29595.75,842
20260625  07:48:00,29597.5,29654.25,29594.75,29654.25,1297
20260625  07:49:00,29654.0,29685.25,29652.0,29672.0,1234
20260625  07:50:00,29670.75,29700.0,29646.25,29657.25,1593
20260625  07:51:00,29655.5,29738.25,29646.5,29728.75,1937
20260625  07:52:00,29729.0,29774.0,29722.5,29765.25,1802
20260625  07:53:00,29766.25,29771.0,29726.0,29741.75,1521
20260625  07:54:00,29741.75,29776.75,29738.5,29772.25,1230
20260625  07:55:00,29772.0,29772.5,29735.5,29746.75,1472
20260625  07:56:00,29745.0,29752.5,29716.0,29718.25,1341
20260625  07:57:00,29719.5,29721.0,29616.25,29621.75,3022
20260625  07:58:00,29623.0,29659.75,29611.75,29615.5,2152
20260625  07:59:00,29617.5,29665.0,29612.0,29633.25,2603
20260625  08:00:00,29633.25,29649.0,29607.25,29648.75,1387
20260625  08:01:00,29646.0,29687.25,29641.25,29654.25,1482
20260625  08:02:00,29657.0,29698.0,29642.0,29696.75,1003
20260625  08:03:00,29696.75,29697.25,29656.5,29676.25,744
20260625  08:04:00,29676.75,29733.25,29673.75,29726.5,1121
20260625  08:05:00,29727.25,29746.25,29660.0,29672.0,2710
20260625  08:06:00,29670.5,29687.25,29631.0,29652.75,2068
20260625  08:07:00,29655.75,29665.0,29633.25,29651.5,929
20260625  08:08:00,29652.75,29677.25,29640.5,29649.5,727
20260625  08:09:00,29650.75,29663.75,29624.75,29643.5,841
20260625  08:10:00,29642.75,29661.0,29630.0,29650.0,748
20260625  08:11:00,29652.25,29652.75,29581.0,29595.5,2233
20260625  08:12:00,29596.5,29608.0,29541.0,29551.0,2059
20260625  08:13:00,29550.25,29563.5,29527.75,29539.25,1507
20260625  08:14:00,29539.5,29550.0,29509.75,29534.25,1188
20260625  08:15:00,29534.0,29535.25,29462.5,29488.5,2486
20260625  08:16:00,29488.75,29503.0,29469.0,29501.5,1306
20260625  08:17:00,29499.75,29545.0,29495.0,29533.0,1508
20260625  08:18:00,29532.5,29584.0,29526.0,29560.0,1444
20260625  08:19:00,29560.5,29608.75,29552.25,29591.25,1171
20260625  08:20:00,29591.0,29593.75,29542.5,29558.75,1965
20260625  08:21:00,29558.25,29621.25,29558.0,29618.5,1097
20260625  08:22:00,29618.75,29628.25,29597.5,29614.75,802
20260625  08:23:00,29615.0,29639.0,29606.25,29618.75,843
20260625  08:24:00,29619.0,29666.75,29618.25,29645.5,1834
20260625  08:25:00,29644.5,29644.5,29609.0,29609.0,1050
20260625  08:26:00,29610.75,29622.0,29583.25,29615.0,821
20260625  08:27:00,29617.25,29644.75,29603.75,29627.25,761
20260625  08:28:00,29630.25,29633.25,29593.5,29619.5,606
20260625  08:29:00,29617.25,29624.25,29592.5,29612.75,947
20260625  08:30:00,29614.5,29636.75,29605.5,29631.0,865
20260625  08:31:00,29628.0,29668.5,29622.75,29647.5,1198
20260625  08:32:00,29650.5,29693.0,29644.0,29682.75,940
20260625  08:33:00,29682.75,29686.25,29653.25,29669.75,1254
20260625  08:34:00,29669.0,29677.5,29616.25,29620.25,1497
20260625  08:35:00,29621.75,29656.0,29620.5,29644.0,672
20260625  08:36:00,29644.0,29672.75,29641.25,29665.0,662
20260625  08:37:00,29665.0,29680.25,29649.5,29654.0,607
20260625  08:38:00,29654.25,29672.25,29643.0,29657.75,418
20260625  08:39:00,29657.0,29657.0,29636.25,29641.0,485
20260625  08:40:00,29639.75,29665.0,29631.5,29657.0,567
20260625  08:41:00,29656.25,29670.25,29632.25,29655.25,604
20260625  08:42:00,29654.75,29661.25,29639.25,29656.75,343
20260625  08:43:00,29656.25,29686.0,29654.25,29665.25,642
20260625  08:44:00,29667.5,29702.0,29664.25,29695.75,980
20260625  08:45:00,29695.5,29745.0,29683.75,29735.5,1699
20260625  08:46:00,29736.0,29761.5,29730.75,29739.5,1339
20260625  08:47:00,29739.25,29752.0,29733.25,29743.5,664
20260625  08:48:00,29744.75,29747.0,29691.5,29700.25,1118
20260625  08:49:00,29700.75,29707.0,29668.5,29678.25,816
20260625  08:50:00,29678.25,29690.5,29652.25,29674.5,936
20260625  08:51:00,29674.0,29714.25,29671.75,29688.25,844
20260625  08:52:00,29686.25,29694.5,29674.5,29683.75,448
20260625  08:53:00,29685.0,29691.0,29664.5,29680.25,625
20260625  08:54:00,29678.5,29711.25,29678.5,29698.75,555
20260625  08:55:00,29698.0,29707.0,29683.75,29689.0,447
20260625  08:56:00,29689.25,29700.25,29678.5,29686.0,496
20260625  08:57:00,29686.0,29714.5,29676.0,29692.25,550
20260625  08:58:00,29692.75,29694.0,29666.0,29673.25,506
20260625  08:59:00,29671.25,29675.25,29652.0,29659.75,691
20260625  09:00:00,29661.75,29675.5,29643.75,29671.25,922
20260625  09:01:00,29672.5,29684.5,29644.5,29672.25,917
20260625  09:02:00,29671.0,29676.75,29655.0,29657.25,665
20260625  09:03:00,29656.5,29670.25,29647.75,29657.5,724
20260625  09:04:00,29659.0,29689.0,29658.25,29684.5,661
20260625  09:05:00,29686.0,29718.25,29677.0,29711.0,709
20260625  09:06:00,29711.5,29765.75,29703.0,29763.25,1401
20260625  09:07:00,29764.5,29765.5,29743.25,29745.75,886
20260625  09:08:00,29746.5,29773.0,29734.75,29770.0,796
20260625  09:09:00,29770.75,29797.25,29759.75,29790.5,1262
20260625  09:10:00,29791.25,29828.5,29781.75,29823.25,1633
20260625  09:11:00,29823.0,29843.0,29802.0,29811.25,1251
20260625  09:12:00,29811.75,29818.25,29791.75,29809.75,899
20260625  09:13:00,29811.5,29844.25,29809.5,29841.0,1006
20260625  09:14:00,29839.5,29839.5,29819.0,29825.5,779
20260625  09:15:00,29826.5,29855.25,29825.0,29850.5,1385
20260625  09:16:00,29849.5,29865.25,29843.0,29863.25,1622
20260625  09:17:00,29863.0,29872.0,29843.0,29855.75,1298
20260625  09:18:00,29856.0,29865.0,29837.0,29841.75,854
20260625  09:19:00,29842.5,29843.0,29810.75,29819.75,1589
20260625  09:20:00,29819.25,29837.25,29807.5,29807.5,1049
20260625  09:21:00,29807.25,29821.5,29796.5,29818.25,1069
20260625  09:22:00,29818.25,29825.5,29787.5,29789.5,730
20260625  09:23:00,29789.25,29798.5,29753.75,29756.5,1210
20260625  09:24:00,29756.0,29774.25,29743.25,29760.75,1106
20260625  09:25:00,29760.25,29771.5,29732.0,29743.0,1057
20260625  09:26:00,29743.0,29765.75,29742.25,29756.5,630
20260625  09:27:00,29755.5,29760.5,29742.5,29756.25,436
20260625  09:28:00,29756.5,29771.25,29748.5,29753.5,766
20260625  09:29:00,29753.5,29769.5,29741.75,29763.0,601
20260625  09:30:00,29765.0,29768.5,29727.25,29739.25,878
20260625  09:31:00,29739.5,29750.25,29712.75,29717.25,921
20260625  09:32:00,29716.5,29733.25,29708.0,29708.25,847
20260625  09:33:00,29707.5,29713.5,29673.25,29705.5,1388
20260625  09:34:00,29705.0,29710.75,29685.5,29710.75,741
20260625  09:35:00,29710.0,29721.5,29684.75,29713.75,796
20260625  09:36:00,29713.0,29735.25,29702.0,29710.0,977
20260625  09:37:00,29709.5,29710.5,29691.75,29704.75,722
20260625  09:38:00,29703.25,29703.25,29682.5,29697.0,569
20260625  09:39:00,29696.75,29705.25,29672.75,29683.75,780
20260625  09:40:00,29683.75,29689.5,29667.75,29680.0,736
20260625  09:41:00,29678.75,29697.25,29661.25,29664.5,799
20260625  09:42:00,29663.5,29686.75,29660.0,29669.25,619
20260625  09:43:00,29668.5,29683.25,29646.75,29647.5,918
20260625  09:44:00,29648.25,29655.75,29638.0,29651.0,928
20260625  09:45:00,29650.0,29651.5,29586.5,29592.0,2205
20260625  09:46:00,29591.75,29645.25,29589.25,29639.5,1441
20260625  09:47:00,29639.75,29681.25,29633.25,29666.0,1339
20260625  09:48:00,29665.75,29697.25,29664.25,29685.0,1046
20260625  09:49:00,29685.0,29706.75,29677.5,29698.5,934
20260625  09:50:00,29698.75,29710.25,29679.5,29701.5,840
20260625  09:51:00,29700.0,29708.0,29676.25,29681.0,668
20260625  09:52:00,29680.25,29694.75,29662.5,29693.25,748
20260625  09:53:00,29693.25,29715.75,29687.5,29695.5,806
20260625  09:54:00,29696.75,29713.0,29688.0,29688.75,432
20260625  09:55:00,29690.0,29693.0,29654.5,29666.25,848
20260625  09:56:00,29666.5,29682.5,29648.0,29654.75,860
20260625  09:57:00,29656.25,29675.25,29649.0,29653.75,489
20260625  09:58:00,29653.75,29678.25,29653.75,29676.0,431
20260625  09:59:00,29675.75,29684.25,29668.5,29682.0,351
20260625  10:00:00,29681.5,29717.5,29680.25,29702.5,822
20260625  10:01:00,29705.75,29710.0,29685.25,29699.5,471
20260625  10:02:00,29699.25,29710.25,29678.75,29692.75,559
20260625  10:03:00,29691.5,29709.0,29684.5,29700.75,524
20260625  10:04:00,29704.5,29709.75,29687.0,29687.75,502
20260625  10:05:00,29688.5,29698.25,29678.25,29691.25,414
20260625  10:06:00,29689.5,29692.25,29674.75,29675.5,352
20260625  10:07:00,29674.75,29699.0,29671.75,29697.25,460
20260625  10:08:00,29697.5,29715.5,29692.5,29694.75,572
20260625  10:09:00,29694.0,29711.75,29693.0,29705.25,342
20260625  10:10:00,29706.75,29750.0,29706.75,29745.25,1141
20260625  10:11:00,29744.0,29778.75,29742.0,29756.0,1272
20260625  10:12:00,29755.75,29758.25,29729.5,29748.0,595
20260625  10:13:00,29746.5,29767.25,29742.0,29763.25,674
20260625  10:14:00,29762.5,29771.0,29743.75,29748.5,1066
20260625  10:15:00,29747.75,29803.75,29747.75,29798.75,1374
20260625  10:16:00,29798.25,29811.0,29785.0,29789.75,826
20260625  10:17:00,29788.75,29799.5,29763.75,29775.75,824
20260625  10:18:00,29776.5,29776.75,29734.25,29735.75,1043
20260625  10:19:00,29735.0,29746.0,29700.0,29702.0,1069
20260625  10:20:00,29701.0,29720.5,29674.0,29710.25,1217
20260625  10:21:00,29711.25,29730.5,29704.75,29719.5,548
20260625  10:22:00,29719.0,29730.0,29706.75,29714.25,408
20260625  10:23:00,29715.0,29722.25,29699.0,29720.5,1126
20260625  10:24:00,29720.5,29744.0,29717.25,29734.5,524
20260625  10:25:00,29734.5,29749.75,29725.25,29738.0,524
20260625  10:26:00,29739.25,29774.0,29739.25,29771.0,632
20260625  10:27:00,29772.25,29779.75,29764.5,29772.0,553
20260625  10:28:00,29772.0,29772.0,29740.25,29746.25,1191
20260625  10:29:00,29746.75,29767.25,29745.75,29764.5,434
20260625  10:30:00,29764.75,29779.25,29756.25,29772.0,670
20260625  10:31:00,29770.75,29771.5,29746.25,29751.25,450
20260625  10:32:00,29751.0,29760.75,29732.75,29735.0,451
20260625  10:33:00,29735.5,29747.0,29720.0,29737.25,580
20260625  10:34:00,29737.0,29742.75,29726.75,29732.75,276
20260625  10:35:00,29733.25,29756.0,29729.75,29745.5,455
20260625  10:36:00,29745.5,29773.25,29744.5,29760.75,451
20260625  10:37:00,29761.75,29761.75,29743.5,29751.0,344
20260625  10:38:00,29751.75,29771.75,29747.75,29769.0,308
20260625  10:39:00,29770.0,29773.25,29754.5,29768.0,391
20260625  10:40:00,29768.0,29795.25,29766.0,29787.75,640
20260625  10:41:00,29788.75,29798.25,29765.0,29769.0,889
20260625  10:42:00,29770.0,29776.5,29758.5,29762.25,402
20260625  10:43:00,29763.0,29775.75,29742.75,29742.75,519
20260625  10:44:00,29743.5,29745.75,29726.5,29735.25,683
20260625  10:45:00,29735.5,29737.5,29694.75,29702.0,1016
20260625  10:46:00,29702.25,29724.5,29698.25,29709.75,548
20260625  10:47:00,29709.5,29711.5,29686.25,29703.0,750
20260625  10:48:00,29701.75,29706.75,29683.75,29696.5,518
20260625  10:49:00,29695.75,29698.5,29681.75,29695.75,588
20260625  10:50:00,29694.0,29710.5,29681.25,29700.0,743
20260625  10:51:00,29700.25,29709.25,29688.75,29694.0,410
20260625  10:52:00,29694.25,29717.5,29693.75,29707.0,544
20260625  10:53:00,29707.5,29753.0,29702.0,29743.25,953
20260625  10:54:00,29744.25,29760.5,29738.5,29746.75,846
20260625  10:55:00,29745.75,29757.0,29733.0,29756.0,664
20260625  10:56:00,29755.0,29758.5,29725.25,29757.5,1146
20260625  10:57:00,29758.25,29780.0,29757.0,29771.25,920
20260625  10:58:00,29771.0,29797.25,29769.25,29793.5,734
20260625  10:59:00,29793.0,29804.0,29782.25,29794.5,991
20260625  11:00:00,29793.75,29802.0,29772.5,29782.75,1044
20260625  11:01:00,29784.25,29800.0,29777.5,29782.75,794
20260625  11:02:00,29781.75,29783.0,29689.5,29695.5,2385
20260625  11:03:00,29698.75,29728.5,29680.75,29683.25,3100
20260625  11:04:00,29683.5,29722.5,29678.75,29708.75,1582
20260625  11:05:00,29709.75,29721.0,29692.0,29715.5,1019
20260625  11:06:00,29715.25,29763.75,29713.0,29761.75,1261
20260625  11:07:00,29761.5,29786.5,29749.0,29774.25,975
20260625  11:08:00,29776.0,29789.0,29769.0,29774.25,863
20260625  11:09:00,29774.5,29811.5,29773.0,29798.5,2301
20260625  11:10:00,29797.75,29813.75,29780.75,29787.0,1056
20260625  11:11:00,29787.75,29805.75,29786.0,29799.5,606
20260625  11:12:00,29800.5,29818.0,29791.0,29793.25,776
20260625  11:13:00,29792.75,29793.75,29757.75,29763.5,1220
20260625  11:14:00,29763.25,29781.25,29751.5,29773.0,892
20260625  11:15:00,29772.5,29775.5,29747.5,29758.75,594
20260625  11:16:00,29759.0,29795.75,29759.0,29791.0,800
20260625  11:17:00,29790.75,29801.75,29785.0,29789.5,689
20260625  11:18:00,29788.75,29830.75,29782.75,29828.25,1519
20260625  11:19:00,29827.5,29869.75,29825.75,29838.25,2425
20260625  11:20:00,29836.5,29858.75,29823.0,29826.25,1045
20260625  11:21:00,29826.5,29826.5,29790.5,29805.5,1022
20260625  11:22:00,29804.75,29832.5,29803.0,29811.25,1326
20260625  11:23:00,29811.5,29824.25,29806.25,29824.25,480
20260625  11:24:00,29823.25,29843.25,29817.75,29824.75,1197
20260625  11:25:00,29824.25,29862.0,29824.0,29859.0,1318
20260625  11:26:00,29858.75,29872.75,29852.0,29868.25,728
20260625  11:27:00,29868.25,29871.5,29848.75,29870.25,635
20260625  11:28:00,29869.0,29891.25,29866.5,29870.75,980
20260625  11:29:00,29871.5,29885.5,29866.0,29877.25,426
20260625  11:30:00,29877.25,29878.0,29827.25,29827.25,1054
20260625  11:31:00,29829.25,29834.25,29808.0,29823.25,990
20260625  11:32:00,29823.0,29828.25,29796.75,29799.25,751
20260625  11:33:00,29799.0,29799.5,29769.5,29774.5,1028
20260625  11:34:00,29773.75,29786.75,29765.5,29769.75,672
20260625  11:35:00,29768.5,29778.75,29739.25,29768.75,1179
20260625  11:36:00,29767.25,29790.25,29764.25,29777.75,873
20260625  11:37:00,29776.75,29793.75,29761.5,29791.75,1269
20260625  11:38:00,29790.5,29806.5,29781.75,29791.75,548
20260625  11:39:00,29791.0,29801.25,29764.25,29789.0,793
20260625  11:40:00,29789.0,29794.75,29772.0,29782.5,590
20260625  11:41:00,29784.25,29784.75,29754.25,29761.25,662
20260625  11:42:00,29761.0,29781.25,29757.25,29778.5,566
20260625  11:43:00,29779.25,29795.75,29776.0,29794.0,525
20260625  11:44:00,29793.25,29801.0,29785.75,29789.0,482
20260625  11:45:00,29789.25,29789.25,29745.0,29757.25,966
20260625  11:46:00,29757.0,29766.0,29722.0,29723.5,789
20260625  11:47:00,29722.0,29732.0,29703.25,29729.5,889
20260625  11:48:00,29728.0,29742.5,29724.0,29740.0,547
20260625  11:49:00,29741.0,29766.75,29741.0,29764.75,667
20260625  11:50:00,29764.5,29781.5,29761.0,29774.5,812
20260625  11:51:00,29776.0,29784.75,29752.25,29756.75,565
20260625  11:52:00,29755.75,29812.0,29751.0,29811.5,858
20260625  11:53:00,29809.0,29811.25,29783.5,29785.5,507
20260625  11:54:00,29786.25,29793.0,29761.75,29771.0,509
20260625  11:55:00,29770.25,29794.5,29769.5,29781.75,498
20260625  11:56:00,29783.0,29786.25,29761.75,29777.25,393
20260625  11:57:00,29777.5,29780.75,29752.0,29764.75,465
20260625  11:58:00,29765.5,29775.75,29754.0,29755.75,439
20260625  11:59:00,29755.75,29773.5,29750.5,29773.5,438
20260625  12:00:00,29773.75,29777.5,29754.75,29760.75,540
20260625  12:01:00,29760.25,29766.5,29740.25,29741.5,594
20260625  12:02:00,29742.0,29743.5,29717.25,29719.0,924
20260625  12:03:00,29719.25,29723.0,29690.5,29712.5,895
20260625  12:04:00,29711.25,29718.5,29690.0,29694.0,793
20260625  12:05:00,29693.25,29711.75,29680.0,29680.0,751
20260625  12:06:00,29681.0,29703.75,29676.0,29695.25,710
20260625  12:07:00,29696.75,29713.5,29691.5,29708.25,606
20260625  12:08:00,29709.0,29720.25,29698.0,29703.25,617
20260625  12:09:00,29703.25,29712.75,29690.5,29705.75,578
20260625  12:10:00,29706.75,29714.5,29688.5,29701.25,653
20260625  12:11:00,29705.0,29713.75,29695.25,29696.0,485
20260625  12:12:00,29696.5,29703.25,29687.25,29697.25,425
20260625  12:13:00,29698.25,29710.75,29671.5,29680.0,722
20260625  12:14:00,29678.5,29687.0,29661.0,29672.25,747
20260625  12:15:00,29670.25,29671.25,29640.0,29655.25,1248
20260625  12:16:00,29654.0,29682.0,29653.75,29670.75,1045
20260625  12:17:00,29671.5,29672.75,29630.75,29632.0,835
20260625  12:18:00,29633.0,29655.5,29626.5,29631.75,773
20260625  12:19:00,29631.25,29655.0,29626.0,29651.75,1104
20260625  12:20:00,29651.5,29665.75,29638.5,29642.75,761
20260625  12:21:00,29642.25,29665.0,29635.25,29646.25,914
20260625  12:22:00,29647.25,29669.25,29640.75,29662.75,663
20260625  12:23:00,29663.75,29677.25,29651.25,29659.25,968
20260625  12:24:00,29657.5,29673.5,29652.5,29672.5,492
20260625  12:25:00,29673.25,29692.75,29668.75,29677.5,843
20260625  12:26:00,29677.25,29692.75,29667.0,29688.75,642
20260625  12:27:00,29688.75,29693.25,29670.0,29670.0,620
20260625  12:28:00,29671.75,29672.25,29652.75,29660.25,765
20260625  12:29:00,29658.75,29699.25,29656.25,29682.75,867
20260625  12:30:00,29682.75,29688.75,29658.25,29661.5,951
20260625  12:31:00,29660.75,29662.0,29629.5,29640.25,933
20260625  12:32:00,29640.25,29657.5,29631.5,29631.5,580
20260625  12:33:00,29631.75,29650.5,29630.5,29646.5,409
20260625  12:34:00,29645.75,29674.0,29643.75,29667.5,718
20260625  12:35:00,29667.0,29667.5,29645.0,29650.75,488
20260625  12:36:00,29650.75,29664.5,29635.75,29638.5,672
20260625  12:37:00,29638.75,29648.25,29623.75,29642.75,857
20260625  12:38:00,29644.0,29644.0,29624.75,29628.5,417
20260625  12:39:00,29628.0,29648.0,29620.5,29646.25,550
20260625  12:40:00,29648.75,29674.75,29642.75,29647.0,1001
20260625  12:41:00,29647.25,29677.25,29629.0,29671.25,1018
20260625  12:42:00,29669.5,29685.0,29665.75,29672.75,655
20260625  12:43:00,29672.25,29683.0,29663.5,29680.75,625
20260625  12:44:00,29680.5,29687.5,29668.25,29673.0,558
20260625  12:45:00,29672.75,29678.25,29654.25,29661.25,783
20260625  12:46:00,29660.75,29665.0,29635.5,29649.25,645
20260625  12:47:00,29649.25,29680.25,29649.0,29659.0,836
20260625  12:48:00,29659.5,29659.75,29642.25,29644.0,509
20260625  12:49:00,29644.0,29655.25,29634.75,29654.25,629
20260625  12:50:00,29652.5,29663.25,29616.25,29639.5,1362
20260625  12:51:00,29640.75,29671.25,29631.0,29666.5,1058
20260625  12:52:00,29664.75,29689.25,29661.5,29689.25,899
20260625  12:53:00,29689.0,29709.5,29680.0,29685.25,1366
20260625  12:54:00,29684.25,29695.0,29669.25,29692.75,1051
20260625  12:55:00,29693.5,29717.5,29684.5,29704.25,1255
20260625  12:56:00,29704.25,29710.25,29687.5,29689.75,1037
20260625  12:57:00,29689.75,29711.25,29689.0,29692.25,905
20260625  12:58:00,29693.0,29696.75,29681.0,29685.75,1172
20260625  12:59:00,29686.5,29751.5,29683.25,29749.5,7123
20260625  13:00:00,29750.0,29836.0,29747.75,29833.25,5012
20260625  13:01:00,29834.5,29922.5,29832.25,29896.75,3902
20260625  13:02:00,29896.25,29899.75,29853.25,29853.25,2308
20260625  13:03:00,29852.25,29853.75,29825.0,29826.25,1165
20260625  13:04:00,29828.0,29842.5,29826.25,29838.25,662
20260625  13:05:00,29837.25,29850.0,29820.0,29827.25,854
20260625  13:06:00,29827.75,29836.25,29820.75,29824.0,608
20260625  13:07:00,29823.75,29832.0,29813.0,29819.5,627
20260625  13:08:00,29819.75,29825.25,29813.75,29825.25,280
20260625  13:09:00,29825.0,29831.5,29806.0,29808.75,566
20260625  13:10:00,29808.75,29809.0,29797.5,29798.75,334
20260625  13:11:00,29797.5,29808.75,29795.75,29807.0,709
20260625  13:12:00,29808.0,29814.0,29803.75,29806.25,197
20260625  13:13:00,29805.25,29807.5,29795.0,29803.5,224
20260625  13:14:00,29803.75,29807.5,29802.0,29806.75,258
20260625  13:15:00,29806.5,29821.75,29804.0,29815.75,392
20260625  13:16:00,29817.25,29822.5,29812.75,29822.5,333
20260625  13:17:00,29821.5,29834.0,29814.0,29823.5,649
20260625  13:18:00,29823.5,29838.0,29822.5,29829.0,314
20260625  13:19:00,29828.75,29839.0,29824.5,29834.5,331
20260625  13:20:00,29834.25,29837.0,29830.25,29837.0,219
20260625  13:21:00,29837.5,29858.0,29833.0,29856.0,449
20260625  13:22:00,29857.0,29857.0,29841.0,29848.75,325
20260625  13:23:00,29848.0,29868.25,29847.75,29856.0,640
20260625  13:24:00,29855.0,29856.0,29843.0,29843.0,216
20260625  13:25:00,29843.5,29846.0,29825.5,29827.5,257
20260625  13:26:00,29827.0,29833.25,29823.5,29830.25,255
20260625  13:27:00,29829.75,29834.5,29827.25,29829.0,263
20260625  13:28:00,29828.25,29828.25,29814.25,29821.25,432
20260625  13:29:00,29822.5,29824.25,29816.5,29818.5,119
20260625  13:30:00,29820.5,29823.5,29805.0,29808.5,191
20260625  13:31:00,29808.75,29815.25,29786.0,29790.25,433
20260625  13:32:00,29791.0,29792.5,29780.0,29786.75,278
20260625  13:33:00,29787.5,29798.0,29785.25,29798.0,181
20260625  13:34:00,29796.75,29806.0,29794.75,29801.5,154
20260625  13:35:00,29801.25,29806.0,29798.5,29800.75,96
20260625  13:36:00,29799.25,29804.25,29791.5,29800.0,112
20260625  13:37:00,29802.25,29802.25,29789.5,29791.0,57
20260625  13:38:00,29792.25,29792.25,29781.5,29783.0,80
20260625  13:39:00,29784.0,29787.5,29772.0,29776.5,120
20260625  13:40:00,29776.5,29781.0,29770.0,29779.0,152
20260625  13:41:00,29777.25,29783.0,29775.75,29781.75,53
20260625  13:42:00,29782.25,29789.0,29780.25,29781.75,110
20260625  13:43:00,29780.75,29782.5,29775.5,29778.25,48
20260625  13:44:00,29776.5,29779.25,29774.75,29777.75,95
20260625  13:45:00,29778.75,29780.5,29774.0,29775.5,85
20260625  13:46:00,29777.25,29779.75,29770.0,29772.0,60
20260625  13:47:00,29771.25,29775.5,29766.75,29772.0,83
20260625  13:48:00,29772.0,29772.5,29761.25,29763.5,87
20260625  13:49:00,29763.0,29771.5,29762.25,29767.25,85
20260625  13:50:00,29768.75,29770.5,29764.5,29766.0,43
20260625  13:51:00,29767.0,29767.0,29761.25,29766.0,37
20260625  13:52:00,29768.0,29769.75,29764.25,29764.5,38
20260625  13:53:00,29761.0,29763.5,29753.0,29761.75,107
20260625  13:54:00,29759.75,29763.0,29759.0,29759.0,61
20260625  13:55:00,29759.75,29763.5,29756.0,29762.25,69
20260625  13:56:00,29761.5,29763.0,29757.0,29761.5,50
20260625  13:57:00,29761.5,29767.25,29759.0,29762.0,56
20260625  13:58:00,29761.5,29762.25,29753.75,29758.5,48
20260625  13:59:00,29761.0,29763.75,29750.25,29759.25,273
20260625  15:00:00,29742.0,29761.25,29715.5,29722.5,812
20260625  15:01:00,29722.25,29730.0,29703.75,29705.75,255
20260625  15:02:00,29707.25,29722.0,29702.25,29719.75,172
20260625  15:03:00,29719.5,29733.75,29705.25,29706.75,178
20260625  15:04:00,29705.5,29707.75,29696.75,29699.5,189
20260625  15:05:00,29698.5,29699.25,29681.75,29692.5,236
20260625  15:06:00,29690.75,29691.5,29679.25,29684.0,252
20260625  15:07:00,29682.0,29690.75,29679.75,29690.25,119
20260625  15:08:00,29689.5,29689.5,29672.0,29674.75,340
20260625  15:09:00,29674.5,29678.0,29664.75,29665.75,192
20260625  15:10:00,29667.25,29667.5,29635.0,29649.0,386
20260625  15:11:00,29647.0,29649.75,29630.0,29638.25,247
20260625  15:12:00,29637.75,29647.75,29637.5,29643.5,81
20260625  15:13:00,29640.25,29642.25,29624.5,29636.75,329
20260625  15:14:00,29636.25,29663.75,29634.5,29646.0,505
20260625  15:15:00,29646.0,29663.5,29645.0,29659.5,289
20260625  15:16:00,29657.25,29672.75,29656.5,29667.75,218
20260625  15:17:00,29667.5,29680.25,29667.5,29674.25,133
20260625  15:18:00,29673.75,29684.5,29670.25,29670.75,80
20260625  15:19:00,29670.5,29670.5,29636.5,29644.25,384
20260625  15:20:00,29644.25,29645.5,29628.0,29634.75,173
20260625  15:21:00,29635.0,29637.25,29626.5,29634.5,105
20260625  15:22:00,29637.0,29661.5,29637.0,29651.5,293
20260625  15:23:00,29651.75,29665.25,29651.25,29659.75,143
20260625  15:24:00,29658.75,29659.25,29646.5,29658.75,135
20260625  15:25:00,29659.0,29659.0,29641.0,29643.25,95
20260625  15:26:00,29640.25,29654.5,29632.0,29632.5,330
20260625  15:27:00,29631.5,29636.0,29619.0,29628.5,216
20260625  15:28:00,29629.0,29639.0,29623.75,29623.75,145
20260625  15:29:00,29623.0,29629.5,29614.0,29616.0,192
20260625  15:30:00,29617.75,29636.5,29605.5,29628.25,316
20260625  15:31:00,29630.5,29639.0,29628.5,29634.5,119
20260625  15:32:00,29637.25,29638.25,29622.0,29629.5,109
20260625  15:33:00,29629.5,29634.25,29620.0,29627.25,134
20260625  15:34:00,29630.0,29647.0,29627.75,29644.0,186
20260625  15:35:00,29643.75,29652.0,29639.5,29651.75,151
20260625  15:36:00,29648.5,29658.0,29648.25,29657.0,99
20260625  15:37:00,29656.0,29666.0,29652.5,29657.0,170
20260625  15:38:00,29655.0,29661.0,29650.5,29660.75,111
20260625  15:39:00,29660.75,29661.5,29648.75,29650.0,85
20260625  15:40:00,29650.0,29657.5,29647.5,29653.0,86
20260625  15:41:00,29652.25,29658.5,29651.0,29654.25,89
20260625  15:42:00,29652.5,29654.5,29645.0,29653.0,113
20260625  15:43:00,29653.0,29659.75,29653.0,29657.75,57
20260625  15:44:00,29659.0,29667.75,29657.0,29662.0,122
20260625  15:45:00,29661.75,29665.0,29655.0,29664.5,49
20260625  15:46:00,29662.75,29667.0,29655.75,29658.0,64
20260625  15:47:00,29656.5,29656.5,29645.0,29651.5,129
20260625  15:48:00,29649.25,29656.0,29643.25,29645.75,103
20260625  15:49:00,29645.75,29651.25,29640.75,29650.0,147
20260625  15:50:00,29653.5,29660.75,29648.5,29655.75,91
20260625  15:51:00,29653.0,29653.0,29645.5,29652.5,71
20260625  15:52:00,29653.25,29673.75,29653.25,29669.75,176
20260625  15:53:00,29669.0,29670.5,29666.25,29668.75,62
20260625  15:54:00,29670.0,29684.0,29667.25,29684.0,197
20260625  15:55:00,29684.0,29685.25,29676.75,29678.25,66
20260625  15:56:00,29678.75,29688.0,29668.5,29686.25,255
20260625  15:57:00,29686.0,29686.25,29677.5,29680.0,67
20260625  15:58:00,29678.0,29687.0,29678.0,29686.25,76
20260625  15:59:00,29685.0,29687.75,29678.25,29678.25,126
20260625  16:00:00,29678.75,29686.5,29675.5,29684.5,53
20260625  16:01:00,29684.75,29688.0,29677.75,29681.0,95
20260625  16:02:00,29684.25,29686.0,29679.5,29685.0,71
20260625  16:03:00,29685.75,29686.0,29680.0,29680.0,36
20260625  16:04:00,29679.25,29687.0,29676.5,29684.75,92
20260625  16:05:00,29683.5,29687.5,29682.25,29686.75,42
20260625  16:06:00,29684.0,29687.0,29680.25,29681.5,33
20260625  16:07:00,29681.5,29685.25,29678.75,29684.25,72
20260625  16:08:00,29683.5,29685.25,29672.5,29678.0,110
20260625  16:09:00,29678.0,29678.0,29668.0,29675.25,117
20260625  16:10:00,29676.0,29689.5,29674.75,29686.5,109
20260625  16:11:00,29687.0,29693.25,29684.75,29691.25,208
20260625  16:12:00,29691.0,29707.25,29688.0,29705.25,278
20260625  16:13:00,29704.5,29722.5,29702.0,29719.75,293
20260625  16:14:00,29717.25,29744.75,29716.75,29742.0,403
20260625  16:15:00,29743.0,29743.75,29733.5,29738.25,181
20260625  16:16:00,29739.0,29770.0,29735.75,29765.75,523
20260625  16:17:00,29767.5,29801.75,29764.0,29799.75,569
20260625  16:18:00,29802.0,29835.75,29802.0,29821.25,565
20260625  16:19:00,29824.0,29847.0,29820.25,29836.0,436
20260625  16:20:00,29836.0,29870.5,29830.0,29858.5,472
20260625  16:21:00,29858.75,29878.25,29846.75,29868.0,499
20260625  16:22:00,29870.0,29873.5,29849.0,29856.75,346
20260625  16:23:00,29856.75,29877.5,29848.75,29871.25,372
20260625  16:24:00,29870.0,29879.75,29859.25,29860.75,197
20260625  16:25:00,29860.25,29892.75,29858.75,29887.0,428
20260625  16:26:00,29886.25,29886.25,29874.0,29875.5,119
20260625  16:27:00,29875.75,29881.25,29863.5,29872.5,271
20260625  16:28:00,29869.75,29881.0,29869.75,29878.5,71
20260625  16:29:00,29875.0,29890.75,29866.0,29868.75,258
20260625  16:30:00,29868.5,29878.25,29850.25,29850.75,382
20260625  16:31:00,29851.75,29878.0,29850.75,29873.25,372
20260625  16:32:00,29871.25,29878.5,29865.0,29872.0,182
20260625  16:33:00,29873.5,29875.25,29855.0,29858.75,156
20260625  16:34:00,29859.5,29860.0,29843.75,29846.0,149
20260625  16:35:00,29845.0,29849.0,29837.0,29843.75,166
20260625  16:36:00,29841.75,29842.75,29826.5,29833.25,266
20260625  16:37:00,29833.5,29849.0,29831.5,29841.5,192
20260625  16:38:00,29842.5,29846.75,29821.75,29829.5,298
20260625  16:39:00,29828.5,29832.0,29810.0,29813.25,387
20260625  16:40:00,29813.25,29813.25,29801.5,29803.5,239
20260625  16:41:00,29801.5,29812.0,29791.0,29791.75,254
20260625  16:42:00,29791.75,29793.5,29777.5,29777.5,224
20260625  16:43:00,29777.25,29788.0,29771.25,29783.5,243
20260625  16:44:00,29781.75,29781.75,29763.0,29763.5,301
20260625  16:45:00,29763.5,29763.5,29731.0,29736.75,391
20260625  16:46:00,29735.75,29744.75,29731.25,29734.0,418
20260625  16:47:00,29733.5,29733.5,29714.5,29724.25,361
20260625  16:48:00,29722.25,29731.25,29717.0,29723.25,234
20260625  16:49:00,29723.25,29726.0,29709.75,29711.25,200
20260625  16:50:00,29711.0,29712.25,29683.0,29684.25,567
20260625  16:51:00,29685.75,29700.25,29679.5,29688.0,462
20260625  16:52:00,29692.0,29701.75,29688.0,29694.25,162
20260625  16:53:00,29690.75,29694.0,29683.25,29689.5,160
20260625  16:54:00,29690.75,29698.0,29678.0,29697.0,295
20260625  16:55:00,29695.5,29699.5,29688.25,29689.75,130
20260625  16:56:00,29689.75,29694.0,29666.25,29685.75,394
20260625  16:57:00,29686.5,29702.0,29686.0,29697.0,136
20260625  16:58:00,29697.0,29704.75,29687.25,29694.75,154
20260625  16:59:00,29692.0,29707.0,29689.5,29707.0,140
20260625  17:00:00,29704.25,29723.0,29703.0,29718.75,454
20260625  17:01:00,29719.25,29727.5,29690.5,29691.5,469
20260625  17:02:00,29691.75,29729.25,29683.0,29726.75,380
20260625  17:03:00,29723.5,29736.75,29720.25,29731.0,354
20260625  17:04:00,29730.75,29750.0,29730.75,29737.0,303
20260625  17:05:00,29739.0,29754.5,29731.25,29751.75,206
20260625  17:06:00,29752.0,29770.0,29746.25,29766.0,409
20260625  17:07:00,29767.0,29768.25,29743.0,29759.75,293
20260625  17:08:00,29761.5,29765.25,29740.5,29741.75,219
20260625  17:09:00,29743.25,29772.75,29737.0,29766.75,212
20260625  17:10:00,29766.25,29768.0,29754.5,29754.5,98
20260625  17:11:00,29758.25,29758.75,29737.75,29741.75,125
20260625  17:12:00,29741.75,29748.0,29727.25,29732.75,175
20260625  17:13:00,29730.0,29747.0,29721.0,29746.0,336
20260625  17:14:00,29747.25,29762.25,29742.25,29751.25,239
20260625  17:15:00,29752.25,29760.75,29731.25,29758.75,306
20260625  17:16:00,29759.25,29763.25,29731.25,29732.5,140
20260625  17:17:00,29730.0,29766.0,29729.0,29758.0,190
20260625  17:18:00,29759.0,29767.0,29732.75,29736.5,208
20260625  17:19:00,29734.75,29742.5,29721.75,29721.75,254
20260625  17:20:00,29724.0,29740.25,29711.0,29737.75,264
20260625  17:21:00,29736.25,29736.25,29720.0,29731.5,102
20260625  17:22:00,29728.25,29728.5,29712.25,29721.5,131
20260625  17:23:00,29720.75,29736.0,29720.75,29725.25,102
20260625  17:24:00,29723.5,29723.5,29704.0,29704.25,124
20260625  17:25:00,29704.0,29710.25,29696.0,29700.5,184
20260625  17:26:00,29705.0,29706.75,29667.75,29668.75,364
20260625  17:27:00,29669.75,29683.0,29650.25,29665.75,375
20260625  17:28:00,29665.75,29697.0,29662.75,29690.0,283
20260625  17:29:00,29690.75,29712.0,29678.25,29709.75,290
20260625  17:30:00,29707.75,29714.75,29683.5,29689.0,214
20260625  17:31:00,29690.0,29694.75,29673.0,29685.5,197
20260625  17:32:00,29687.25,29703.75,29666.75,29673.25,206
20260625  17:33:00,29671.75,29676.0,29659.5,29664.5,177
20260625  17:34:00,29663.25,29669.75,29648.25,29660.0,311
20260625  17:35:00,29661.5,29666.5,29644.75,29646.75,219
20260625  17:36:00,29649.25,29682.0,29644.25,29676.5,240
20260625  17:37:00,29674.25,29682.25,29666.0,29680.5,151
20260625  17:38:00,29679.0,29679.0,29662.75,29666.5,76
20260625  17:39:00,29665.0,29673.0,29649.0,29671.25,147
20260625  17:40:00,29674.0,29696.0,29674.0,29689.0,253
20260625  17:41:00,29687.5,29687.75,29661.5,29672.25,179
20260625  17:42:00,29673.0,29695.5,29672.0,29673.75,171
20260625  17:43:00,29674.25,29691.5,29671.75,29680.75,65
20260625  17:44:00,29680.0,29681.0,29666.0,29667.75,77
20260625  17:45:00,29669.0,29678.25,29665.0,29665.5,93
20260625  17:46:00,29673.25,29678.0,29666.0,29674.25,66
20260625  17:47:00,29668.75,29693.0,29663.25,29685.5,104
20260625  17:48:00,29687.5,29694.75,29684.25,29690.0,90
20260625  17:49:00,29691.0,29694.0,29669.75,29669.75,110
20260625  17:50:00,29669.75,29670.5,29655.5,29660.0,119
20260625  17:51:00,29662.75,29692.25,29662.75,29683.25,108
20260625  17:52:00,29684.5,29694.0,29681.25,29683.5,91
20260625  17:53:00,29682.25,29689.0,29669.0,29673.5,48
20260625  17:54:00,29678.25,29678.5,29646.5,29651.0,138
20260625  17:55:00,29650.5,29652.25,29642.0,29645.75,128
20260625  17:56:00,29649.25,29660.0,29629.75,29634.5,332
20260625  17:57:00,29633.5,29645.5,29615.75,29643.75,344
20260625  17:58:00,29641.75,29657.5,29632.75,29653.25,154
20260625  17:59:00,29652.0,29653.0,29635.0,29636.0,97
